model,exercise,target,condition,metric,value
gru,deadlift,00000,seen,bit_accuracy,0.7733333333333333
gru,deadlift,00000,seen,exact_match,0.39999999999999997
gru,deadlift,00000,seen,macro_f1,0.0
gru,deadlift,00000,seen,micro_f1,0.0
gru,deadlift,00000,unseen,bit_accuracy,0.24
gru,deadlift,00000,unseen,exact_match,0.0
gru,deadlift,00000,unseen,macro_f1,0.0
gru,deadlift,00000,unseen,micro_f1,0.0
gru,deadlift,00010,seen,bit_accuracy,0.7799999999999999
gru,deadlift,00010,seen,exact_match,0.25
gru,deadlift,00010,seen,macro_f1,0.1619047619047619
gru,deadlift,00010,seen,micro_f1,0.5747863247863249
gru,deadlift,00010,unseen,bit_accuracy,0.49666666666666665
gru,deadlift,00010,unseen,exact_match,0.0
gru,deadlift,00010,unseen,macro_f1,0.06666666666666667
gru,deadlift,00010,unseen,micro_f1,0.16666666666666666
gru,deadlift,00100,seen,bit_accuracy,0.6133333333333334
gru,deadlift,00100,seen,exact_match,0.0
gru,deadlift,00100,seen,macro_f1,0.13333333333333333
gru,deadlift,00100,seen,micro_f1,0.38888888888888884
gru,deadlift,00100,unseen,bit_accuracy,0.5111111111111111
gru,deadlift,00100,unseen,exact_match,0.0
gru,deadlift,00100,unseen,macro_f1,0.05333333333333334
gru,deadlift,00100,unseen,micro_f1,0.16666666666666666
gru,deadlift,00110,seen,bit_accuracy,0.7611111111111111
gru,deadlift,00110,seen,exact_match,0.25
gru,deadlift,00110,seen,macro_f1,0.35333333333333333
gru,deadlift,00110,seen,micro_f1,0.7359477124183007
gru,deadlift,00110,unseen,bit_accuracy,0.5622222222222222
gru,deadlift,00110,unseen,exact_match,0.0
gru,deadlift,00110,unseen,macro_f1,0.20333333333333334
gru,deadlift,00110,unseen,micro_f1,0.441077441077441
gru,deadlift,11110,seen,bit_accuracy,0.42
gru,deadlift,11110,seen,exact_match,0.06666666666666667
gru,deadlift,11110,seen,macro_f1,0.2737037037037037
gru,deadlift,11110,seen,micro_f1,0.41430395913154533
gru,deadlift,11110,unseen,bit_accuracy,0.3033333333333333
gru,deadlift,11110,unseen,exact_match,0.0
gru,deadlift,11110,unseen,macro_f1,0.15365079365079362
gru,deadlift,11110,unseen,micro_f1,0.21637426900584797
gru,squat,000000,seen,bit_accuracy,0.7000000000000001
gru,squat,000000,seen,exact_match,0.13333333333333333
gru,squat,000000,seen,macro_f1,0.0
gru,squat,000000,seen,micro_f1,0.0
gru,squat,000000,unseen,bit_accuracy,0.5518518518518518
gru,squat,000000,unseen,exact_match,0.0
gru,squat,000000,unseen,macro_f1,0.0
gru,squat,000000,unseen,micro_f1,0.0
gru,squat,000001,seen,bit_accuracy,0.6444444444444445
gru,squat,000001,seen,exact_match,0.0
gru,squat,000001,seen,macro_f1,0.15277777777777776
gru,squat,000001,seen,micro_f1,0.4528567407824374
gru,squat,000001,unseen,bit_accuracy,0.35555555555555557
gru,squat,000001,unseen,exact_match,0.0
gru,squat,000001,unseen,macro_f1,0.0787037037037037
gru,squat,000001,unseen,micro_f1,0.14768526667840168
gru,squat,000101,seen,bit_accuracy,0.8444444444444444
gru,squat,000101,seen,exact_match,0.20000000000000004
gru,squat,000101,seen,macro_f1,0.30709876543209874
gru,squat,000101,seen,micro_f1,0.7873015873015873
gru,squat,000101,unseen,bit_accuracy,0.737037037037037
gru,squat,000101,unseen,exact_match,0.0
gru,squat,000101,unseen,macro_f1,0.23051146384479715
gru,squat,000101,unseen,micro_f1,0.5952380952380952
gru,squat,010101,seen,bit_accuracy,0.9111111111111111
gru,squat,010101,seen,exact_match,0.5333333333333333
gru,squat,010101,seen,macro_f1,0.49382716049382713
gru,squat,010101,seen,micro_f1,0.9201228878648234
gru,squat,010101,unseen,bit_accuracy,0.6851851851851851
gru,squat,010101,unseen,exact_match,0.0
gru,squat,010101,unseen,macro_f1,0.34382716049382717
gru,squat,010101,unseen,micro_f1,0.6718020541549953
gru,squat,100001,seen,bit_accuracy,0.8555555555555555
gru,squat,100001,seen,exact_match,0.6
gru,squat,100001,seen,macro_f1,0.32716049382716045
gru,squat,100001,seen,micro_f1,0.8483870967741934
gru,squat,100001,unseen,bit_accuracy,0.7666666666666666
gru,squat,100001,unseen,exact_match,0.13333333333333333
gru,squat,100001,unseen,macro_f1,0.2762345679012346
gru,squat,100001,unseen,micro_f1,0.677045177045177
gru,squat,100101,seen,bit_accuracy,0.8611111111111112
gru,squat,100101,seen,exact_match,0.4166666666666667
gru,squat,100101,seen,macro_f1,0.43403880070546735
gru,squat,100101,seen,micro_f1,0.8357974910394265
gru,squat,100101,unseen,bit_accuracy,0.6444444444444445
gru,squat,100101,unseen,exact_match,0.0
gru,squat,100101,unseen,macro_f1,0.25436507936507935
gru,squat,100101,unseen,micro_f1,0.5469135802469136
gru,squat,101001,seen,bit_accuracy,0.8555555555555556
gru,squat,101001,seen,exact_match,0.5333333333333333
gru,squat,101001,seen,macro_f1,0.4576719576719577
gru,squat,101001,seen,micro_f1,0.8564102564102565
gru,squat,101001,unseen,bit_accuracy,0.7000000000000001
gru,squat,101001,unseen,exact_match,0.0
gru,squat,101001,unseen,macro_f1,0.30709876543209874
gru,squat,101001,unseen,micro_f1,0.6352991452991453
ssm,deadlift,00000,seen,bit_accuracy,0.9333333333333332
ssm,deadlift,00000,seen,exact_match,0.7999999999999999
ssm,deadlift,00000,seen,macro_f1,0.0
ssm,deadlift,00000,seen,micro_f1,0.0
ssm,deadlift,00000,unseen,bit_accuracy,0.32
ssm,deadlift,00000,unseen,exact_match,0.0
ssm,deadlift,00000,unseen,macro_f1,0.0
ssm,deadlift,00000,unseen,micro_f1,0.0
ssm,deadlift,00010,seen,bit_accuracy,0.7799999999999999
ssm,deadlift,00010,seen,exact_match,0.3
ssm,deadlift,00010,seen,macro_f1,0.20000000000000004
ssm,deadlift,00010,seen,micro_f1,0.6714285714285714
ssm,deadlift,00010,unseen,bit_accuracy,0.45
ssm,deadlift,00010,unseen,exact_match,0.0
ssm,deadlift,00010,unseen,macro_f1,0.0
ssm,deadlift,00010,unseen,micro_f1,0.0
ssm,deadlift,00100,seen,bit_accuracy,0.648888888888889
ssm,deadlift,00100,seen,exact_match,0.1111111111111111
ssm,deadlift,00100,seen,macro_f1,0.10000000000000002
ssm,deadlift,00100,seen,micro_f1,0.2804232804232804
ssm,deadlift,00100,unseen,bit_accuracy,0.39999999999999997
ssm,deadlift,00100,unseen,exact_match,0.0
ssm,deadlift,00100,unseen,macro_f1,0.0
ssm,deadlift,00100,unseen,micro_f1,0.0
ssm,deadlift,00110,seen,bit_accuracy,0.8755555555555556
ssm,deadlift,00110,seen,exact_match,0.5111111111111111
ssm,deadlift,00110,seen,macro_f1,0.3925925925925926
ssm,deadlift,00110,seen,micro_f1,0.8690476190476191
ssm,deadlift,00110,unseen,bit_accuracy,0.7044444444444444
ssm,deadlift,00110,unseen,exact_match,0.0
ssm,deadlift,00110,unseen,macro_f1,0.3
ssm,deadlift,00110,unseen,micro_f1,0.6498316498316498
ssm,deadlift,11110,seen,bit_accuracy,0.49000000000000005
ssm,deadlift,11110,seen,exact_match,0.0
ssm,deadlift,11110,seen,macro_f1,0.3359259259259259
ssm,deadlift,11110,seen,micro_f1,0.5267080745341616
ssm,deadlift,11110,unseen,bit_accuracy,0.25333333333333335
ssm,deadlift,11110,unseen,exact_match,0.0
ssm,deadlift,11110,unseen,macro_f1,0.07619047619047618
ssm,deadlift,11110,unseen,micro_f1,0.1111111111111111
ssm,squat,000000,seen,bit_accuracy,0.7148148148148148
ssm,squat,000000,seen,exact_match,0.13333333333333333
ssm,squat,000000,seen,macro_f1,0.0
ssm,squat,000000,seen,micro_f1,0.0
ssm,squat,000000,unseen,bit_accuracy,0.6037037037037037
ssm,squat,000000,unseen,exact_match,0.0
ssm,squat,000000,unseen,macro_f1,0.0
ssm,squat,000000,unseen,micro_f1,0.0
ssm,squat,000001,seen,bit_accuracy,0.7555555555555555
ssm,squat,000001,seen,exact_match,0.06666666666666667
ssm,squat,000001,seen,macro_f1,0.16049382716049382
ssm,squat,000001,seen,micro_f1,0.5642701525054467
ssm,squat,000001,unseen,bit_accuracy,0.5555555555555555
ssm,squat,000001,unseen,exact_match,0.0
ssm,squat,000001,unseen,macro_f1,0.16666666666666666
ssm,squat,000001,unseen,micro_f1,0.4452798663324979
ssm,squat,000101,seen,bit_accuracy,0.8481481481481481
ssm,squat,000101,seen,exact_match,0.3333333333333333
ssm,squat,000101,seen,macro_f1,0.3132716049382716
ssm,squat,000101,seen,micro_f1,0.8082137161084529
ssm,squat,000101,unseen,bit_accuracy,0.7962962962962963
ssm,squat,000101,unseen,exact_match,0.06666666666666667
ssm,squat,000101,unseen,macro_f1,0.29563492063492064
ssm,squat,000101,unseen,micro_f1,0.7352941176470589
ssm,squat,010101,seen,bit_accuracy,0.9055555555555556
ssm,squat,010101,seen,exact_match,0.5
ssm,squat,010101,seen,macro_f1,0.4561287477954145
ssm,squat,010101,seen,micro_f1,0.8910256410256411
ssm,squat,010101,unseen,bit_accuracy,0.6425925925925926
ssm,squat,010101,unseen,exact_match,0.1111111111111111
ssm,squat,010101,unseen,macro_f1,0.28174603174603174
ssm,squat,010101,unseen,micro_f1,0.5463405989721779
ssm,squat,100001,seen,bit_accuracy,0.888888888888889
ssm,squat,100001,seen,exact_match,0.5333333333333333
ssm,squat,100001,seen,macro_f1,0.3209876543209877
ssm,squat,100001,seen,micro_f1,0.8588197767145136
ssm,squat,100001,unseen,bit_accuracy,0.7111111111111111
ssm,squat,100001,unseen,exact_match,0.13333333333333333
ssm,squat,100001,unseen,macro_f1,0.25308641975308643
ssm,squat,100001,unseen,micro_f1,0.5841013824884792
ssm,squat,100101,seen,bit_accuracy,0.9111111111111111
ssm,squat,100101,seen,exact_match,0.5499999999999999
ssm,squat,100101,seen,macro_f1,0.438668430335097
ssm,squat,100101,seen,micro_f1,0.8980295566502464
ssm,squat,100101,unseen,bit_accuracy,0.75
ssm,squat,100101,unseen,exact_match,0.08333333333333333
ssm,squat,100101,unseen,macro_f1,0.32292768959435625
ssm,squat,100101,unseen,micro_f1,0.7008547008547009
ssm,squat,101001,seen,bit_accuracy,0.8333333333333334
ssm,squat,101001,seen,exact_match,0.39999999999999997
ssm,squat,101001,seen,macro_f1,0.3820546737213404
ssm,squat,101001,seen,micro_f1,0.78743961352657
ssm,squat,101001,unseen,bit_accuracy,0.7000000000000001
ssm,squat,101001,unseen,exact_match,0.06666666666666667
ssm,squat,101001,unseen,macro_f1,0.32032627865961194
ssm,squat,101001,unseen,micro_f1,0.6567924828794394
tcn,deadlift,00000,seen,bit_accuracy,0.7066666666666667
tcn,deadlift,00000,seen,exact_match,0.26666666666666666
tcn,deadlift,00000,seen,macro_f1,0.0
tcn,deadlift,00000,seen,micro_f1,0.0
tcn,deadlift,00000,unseen,bit_accuracy,0.28
tcn,deadlift,00000,unseen,exact_match,0.0
tcn,deadlift,00000,unseen,macro_f1,0.0
tcn,deadlift,00000,unseen,micro_f1,0.0
tcn,deadlift,00010,seen,bit_accuracy,0.7333333333333334
tcn,deadlift,00010,seen,exact_match,0.08333333333333333
tcn,deadlift,00010,seen,macro_f1,0.17380952380952383
tcn,deadlift,00010,seen,micro_f1,0.5472222222222222
tcn,deadlift,00010,unseen,bit_accuracy,0.4633333333333334
tcn,deadlift,00010,unseen,exact_match,0.0
tcn,deadlift,00010,unseen,macro_f1,0.06666666666666667
tcn,deadlift,00010,unseen,micro_f1,0.13333333333333333
tcn,deadlift,00100,seen,bit_accuracy,0.5777777777777778
tcn,deadlift,00100,seen,exact_match,0.1111111111111111
tcn,deadlift,00100,seen,macro_f1,0.10000000000000002
tcn,deadlift,00100,seen,micro_f1,0.27777777777777773
tcn,deadlift,00100,unseen,bit_accuracy,0.41111111111111115
tcn,deadlift,00100,unseen,exact_match,0.0
tcn,deadlift,00100,unseen,macro_f1,0.03333333333333333
tcn,deadlift,00100,unseen,micro_f1,0.07407407407407407
tcn,deadlift,00110,seen,bit_accuracy,0.7244444444444444
tcn,deadlift,00110,seen,exact_match,0.2222222222222222
tcn,deadlift,00110,seen,macro_f1,0.3925925925925926
tcn,deadlift,00110,seen,micro_f1,0.7521367521367521
tcn,deadlift,00110,unseen,bit_accuracy,0.6355555555555555
tcn,deadlift,00110,unseen,exact_match,0.0
tcn,deadlift,00110,unseen,macro_f1,0.29
tcn,deadlift,00110,unseen,micro_f1,0.5717948717948719
tcn,deadlift,11110,seen,bit_accuracy,0.55
tcn,deadlift,11110,seen,exact_match,0.19999999999999998
tcn,deadlift,11110,seen,macro_f1,0.396031746031746
tcn,deadlift,11110,seen,micro_f1,0.5257142857142857
tcn,deadlift,11110,unseen,bit_accuracy,0.6266666666666667
tcn,deadlift,11110,unseen,exact_match,0.0
tcn,deadlift,11110,unseen,macro_f1,0.45291005291005293
tcn,deadlift,11110,unseen,micro_f1,0.669047619047619
tcn,squat,000000,seen,bit_accuracy,0.6444444444444444
tcn,squat,000000,seen,exact_match,0.06666666666666667
tcn,squat,000000,seen,macro_f1,0.0
tcn,squat,000000,seen,micro_f1,0.0
tcn,squat,000000,unseen,bit_accuracy,0.6148148148148148
tcn,squat,000000,unseen,exact_match,0.0
tcn,squat,000000,unseen,macro_f1,0.0
tcn,squat,000000,unseen,micro_f1,0.0
tcn,squat,000001,seen,bit_accuracy,0.5666666666666667
tcn,squat,000001,seen,exact_match,0.0
tcn,squat,000001,seen,macro_f1,0.13668430335097
tcn,squat,000001,seen,micro_f1,0.3581196581196581
tcn,squat,000001,unseen,bit_accuracy,0.39999999999999997
tcn,squat,000001,unseen,exact_match,0.0
tcn,squat,000001,unseen,macro_f1,0.12962962962962962
tcn,squat,000001,unseen,micro_f1,0.2904040404040404
tcn,squat,000101,seen,bit_accuracy,0.8592592592592592
tcn,squat,000101,seen,exact_match,0.35555555555555557
tcn,squat,000101,seen,macro_f1,0.29012345679012347
tcn,squat,000101,seen,micro_f1,0.782732565341261
tcn,squat,000101,unseen,bit_accuracy,0.6962962962962962
tcn,squat,000101,unseen,exact_match,0.0
tcn,squat,000101,unseen,macro_f1,0.22464726631393298
tcn,squat,000101,unseen,micro_f1,0.5348964760729467
tcn,squat,010101,seen,bit_accuracy,0.8388888888888889
tcn,squat,010101,seen,exact_match,0.2333333333333333
tcn,squat,010101,seen,macro_f1,0.49382716049382713
tcn,squat,010101,seen,micro_f1,0.8600732600732601
tcn,squat,010101,unseen,bit_accuracy,0.4148148148148148
tcn,squat,010101,unseen,exact_match,0.0
tcn,squat,010101,unseen,macro_f1,0.2222222222222222
tcn,squat,010101,unseen,micro_f1,0.4211344211344212
tcn,squat,100001,seen,bit_accuracy,0.8777777777777778
tcn,squat,100001,seen,exact_match,0.39999999999999997
tcn,squat,100001,seen,macro_f1,0.3209876543209877
tcn,squat,100001,seen,micro_f1,0.8393939393939395
tcn,squat,100001,unseen,bit_accuracy,0.6111111111111112
tcn,squat,100001,unseen,exact_match,0.0
tcn,squat,100001,unseen,macro_f1,0.23456790123456792
tcn,squat,100001,unseen,micro_f1,0.5372294372294372
tcn,squat,100101,seen,bit_accuracy,0.8444444444444444
tcn,squat,100101,seen,exact_match,0.2333333333333333
tcn,squat,100101,seen,macro_f1,0.38095238095238093
tcn,squat,100101,seen,micro_f1,0.8214452214452215
tcn,squat,100101,unseen,bit_accuracy,0.7416666666666667
tcn,squat,100101,unseen,exact_match,0.0
tcn,squat,100101,unseen,macro_f1,0.3037037037037037
tcn,squat,100101,unseen,micro_f1,0.6704429920116195
tcn,squat,101001,seen,bit_accuracy,0.8444444444444444
tcn,squat,101001,seen,exact_match,0.26666666666666666
tcn,squat,101001,seen,macro_f1,0.4444444444444445
tcn,squat,101001,seen,micro_f1,0.8441492726122707
tcn,squat,101001,unseen,bit_accuracy,0.7444444444444445
tcn,squat,101001,unseen,exact_match,0.0
tcn,squat,101001,unseen,macro_f1,0.29717813051146386
tcn,squat,101001,unseen,micro_f1,0.6776556776556776
transformer,deadlift,00000,seen,bit_accuracy,0.6866666666666666
transformer,deadlift,00000,seen,exact_match,0.16666666666666666
transformer,deadlift,00000,seen,macro_f1,0.0
transformer,deadlift,00000,seen,micro_f1,0.0
transformer,deadlift,00000,unseen,bit_accuracy,0.24
transformer,deadlift,00000,unseen,exact_match,0.0
transformer,deadlift,00000,unseen,macro_f1,0.0
transformer,deadlift,00000,unseen,micro_f1,0.0
transformer,deadlift,00010,seen,bit_accuracy,0.6833333333333332
transformer,deadlift,00010,seen,exact_match,0.16666666666666666
transformer,deadlift,00010,seen,macro_f1,0.11111111111111112
transformer,deadlift,00010,seen,micro_f1,0.35714285714285715
transformer,deadlift,00010,unseen,bit_accuracy,0.39666666666666667
transformer,deadlift,00010,unseen,exact_match,0.0
transformer,deadlift,00010,unseen,macro_f1,0.02666666666666667
transformer,deadlift,00010,unseen,micro_f1,0.09523809523809523
transformer,deadlift,00100,seen,bit_accuracy,0.48888888888888893
transformer,deadlift,00100,seen,exact_match,0.0
transformer,deadlift,00100,seen,macro_f1,0.0
transformer,deadlift,00100,seen,micro_f1,0.0
transformer,deadlift,00100,unseen,bit_accuracy,0.39999999999999997
transformer,deadlift,00100,unseen,exact_match,0.0
transformer,deadlift,00100,unseen,macro_f1,0.0
transformer,deadlift,00100,unseen,micro_f1,0.0
transformer,deadlift,00110,seen,bit_accuracy,0.9166666666666666
transformer,deadlift,00110,seen,exact_match,0.6944444444444443
transformer,deadlift,00110,seen,macro_f1,0.37333333333333335
transformer,deadlift,00110,seen,micro_f1,0.8894830659536542
transformer,deadlift,00110,unseen,bit_accuracy,0.68
transformer,deadlift,00110,unseen,exact_match,0.0
transformer,deadlift,00110,unseen,macro_f1,0.25
transformer,deadlift,00110,unseen,micro_f1,0.5333333333333333
transformer,deadlift,11110,seen,bit_accuracy,0.6533333333333333
transformer,deadlift,11110,seen,exact_match,0.15
transformer,deadlift,11110,seen,macro_f1,0.5107936507936508
transformer,deadlift,11110,seen,micro_f1,0.7148330596606458
transformer,deadlift,11110,unseen,bit_accuracy,0.34
transformer,deadlift,11110,unseen,exact_match,0.0
transformer,deadlift,11110,unseen,macro_f1,0.18031746031746032
transformer,deadlift,11110,unseen,micro_f1,0.26455026455026454
transformer,squat,000000,seen,bit_accuracy,0.4703703703703704
transformer,squat,000000,seen,exact_match,0.0
transformer,squat,000000,seen,macro_f1,0.0
transformer,squat,000000,seen,micro_f1,0.0
transformer,squat,000000,unseen,bit_accuracy,0.5259259259259259
transformer,squat,000000,unseen,exact_match,0.0
transformer,squat,000000,unseen,macro_f1,0.0
transformer,squat,000000,unseen,micro_f1,0.0
transformer,squat,000001,seen,bit_accuracy,0.6888888888888888
transformer,squat,000001,seen,exact_match,0.19999999999999998
transformer,squat,000001,seen,macro_f1,0.16049382716049382
transformer,squat,000001,seen,micro_f1,0.5356500224921278
transformer,squat,000001,unseen,bit_accuracy,0.5222222222222223
transformer,squat,000001,unseen,exact_match,0.0
transformer,squat,000001,unseen,macro_f1,0.14814814814814814
transformer,squat,000001,unseen,micro_f1,0.37738791423001944
transformer,squat,000101,seen,bit_accuracy,0.7925925925925926
transformer,squat,000101,seen,exact_match,0.13333333333333333
transformer,squat,000101,seen,macro_f1,0.24470899470899474
transformer,squat,000101,seen,micro_f1,0.6783625730994153
transformer,squat,000101,unseen,bit_accuracy,0.7666666666666666
transformer,squat,000101,unseen,exact_match,0.06666666666666667
transformer,squat,000101,unseen,macro_f1,0.2706349206349206
transformer,squat,000101,unseen,micro_f1,0.6761695906432749
transformer,squat,010101,seen,bit_accuracy,0.7907407407407407
transformer,squat,010101,seen,exact_match,0.3
transformer,squat,010101,seen,macro_f1,0.44656084656084655
transformer,squat,010101,seen,micro_f1,0.8215488215488215
transformer,squat,010101,unseen,bit_accuracy,0.7462962962962963
transformer,squat,010101,unseen,exact_match,0.0
transformer,squat,010101,unseen,macro_f1,0.3222222222222222
transformer,squat,010101,unseen,micro_f1,0.7115600448933782
transformer,squat,100001,seen,bit_accuracy,0.7555555555555555
transformer,squat,100001,seen,exact_match,0.06666666666666667
transformer,squat,100001,seen,macro_f1,0.2762345679012346
transformer,squat,100001,seen,micro_f1,0.6685802469135802
transformer,squat,100001,unseen,bit_accuracy,0.7333333333333334
transformer,squat,100001,unseen,exact_match,0.0
transformer,squat,100001,unseen,macro_f1,0.3132716049382716
transformer,squat,100001,unseen,micro_f1,0.6917874396135266
transformer,squat,100101,seen,bit_accuracy,0.9194444444444444
transformer,squat,100101,seen,exact_match,0.6
transformer,squat,100101,seen,macro_f1,0.44462081128747794
transformer,squat,100101,seen,micro_f1,0.9007864488808228
transformer,squat,100101,unseen,bit_accuracy,0.7861111111111111
transformer,squat,100101,unseen,exact_match,0.0
transformer,squat,100101,unseen,macro_f1,0.3253968253968254
transformer,squat,100101,unseen,micro_f1,0.7489378717448893
transformer,squat,101001,seen,bit_accuracy,0.8333333333333334
transformer,squat,101001,seen,exact_match,0.39999999999999997
transformer,squat,101001,seen,macro_f1,0.46230158730158727
transformer,squat,101001,seen,micro_f1,0.8365027045300879
transformer,squat,101001,unseen,bit_accuracy,0.6777777777777777
transformer,squat,101001,unseen,exact_match,0.06666666666666667
transformer,squat,101001,unseen,macro_f1,0.38359788359788355
transformer,squat,101001,unseen,micro_f1,0.684407096171802
