model,perturbation,exercise,target,criterion,seed,target_bit,n_test,n_mapped_joints,context_pressure,baseline_accuracy,baseline_correct_confidence,mapped_confidence_drop,random_confidence_drop,relative_evidence_sensitivity,random_drop_sd,mapped_spillover,split_offset
fact,temporal_mean,deadlift,0,0,57.333333333333336,0.0,69.0,12.0,0.0,0.6666666666666666,0.5752356648445129,0.1077758173147837,0.05309141675631201,0.05468440055847163,0.025583917895952834,0.0,145.66666666666666
fact,temporal_mean,deadlift,0,1,57.333333333333336,0.0,69.0,6.0,0.0,0.7246376811594203,0.6075184543927511,0.08523855855067568,0.0172055875882506,0.06803297127286587,0.020041357104976936,0.020980548734466198,145.66666666666666
fact,temporal_mean,deadlift,0,2,57.333333333333336,0.0,69.0,6.0,15.0,0.46859903381642515,0.5057605703671774,0.032849597744643695,0.010830341217418465,0.022019256527225167,0.020411085958282102,0.0896057859063148,145.66666666666666
fact,temporal_mean,deadlift,0,3,57.333333333333336,0.0,69.0,8.0,45.0,0.0289855072463768,0.38866429527600604,-0.050450546046098034,-0.009552323647464266,-0.0408982218553622,0.0110981225346525,0.09600914766391112,145.66666666666666
fact,temporal_mean,deadlift,0,4,57.333333333333336,0.0,69.0,6.0,0.0,0.9565217391304349,0.7801403403282166,0.22149218122164402,0.017788148485124066,0.2037040293216705,0.025304801762103996,0.04764565577109653,145.66666666666666
fact,temporal_mean,deadlift,10,0,57.333333333333336,0.0,66.0,12.0,2.0,0.6464646464646465,0.5595186650753021,0.13632075116038317,0.0501970847447713,0.0861236676573753,0.02200241511066753,0.0,306.6666666666667
fact,temporal_mean,deadlift,10,1,57.333333333333336,0.0,66.0,6.0,6.0,0.6717171717171717,0.6044983665148417,0.13492089261611298,0.022584434909125137,0.11233645925919213,0.025254173825184467,0.0616420470178127,306.6666666666667
fact,temporal_mean,deadlift,10,2,57.333333333333336,0.0,66.0,6.0,30.0,0.21717171717171713,0.39881255229314166,0.0282183399734397,0.0183159600322445,0.009902380406856533,0.020644979551434434,0.10068854192892707,306.6666666666667
fact,temporal_mean,deadlift,10,3,57.333333333333336,1.0,66.0,8.0,47.0,0.5909090909090909,0.5220934847990671,-0.18676722546418503,-0.060251913964748334,-0.1265153090159098,0.040460051968693664,0.10061797251303987,306.6666666666667
fact,temporal_mean,deadlift,10,4,57.333333333333336,0.0,66.0,6.0,0.0,0.8181818181818182,0.6510635018348694,0.15819907685120901,0.024252289595703233,0.13394678508241967,0.033078251406550366,0.08408413579066588,306.6666666666667
fact,temporal_mean,deadlift,100,0,57.333333333333336,0.0,22.0,12.0,0.0,0.893939393939394,0.7315744558970133,0.12006236116091402,0.02397047542035573,0.09609188636144,0.018652205976347102,0.0,292.6666666666667
fact,temporal_mean,deadlift,100,1,57.333333333333336,0.0,22.0,6.0,0.0,0.712121212121212,0.6568580468495687,-0.05722147847215333,-0.014969704789109467,-0.04225177302335697,0.025209710622827165,0.06748778373003002,292.6666666666667
fact,temporal_mean,deadlift,100,2,57.333333333333336,1.0,22.0,6.0,54.0,0.5,0.5091079672177633,-0.1437432840466499,-0.0314594075704614,-0.11228387306133902,0.04984520499904943,0.10448260729511577,292.6666666666667
fact,temporal_mean,deadlift,100,3,57.333333333333336,0.0,22.0,8.0,33.0,0.19696969696969693,0.36343180139859516,-0.008121278136968632,0.0008743212868769663,-0.008995601286490768,0.03710582728187237,0.13021951417128239,292.6666666666667
fact,temporal_mean,deadlift,100,4,57.333333333333336,0.0,22.0,6.0,5.0,0.8484848484848485,0.7493532101313273,0.2303330525755882,0.026752320428689264,0.2035807371139526,0.03597199358046053,0.09910488997896506,292.6666666666667
fact,temporal_mean,deadlift,110,0,57.333333333333336,0.0,33.0,12.0,0.0,0.8181818181818182,0.7609227299690247,0.40561607480049133,0.09267660851279891,0.31293946504592896,0.08323288088043523,0.0,224.66666666666666
fact,temporal_mean,deadlift,110,1,57.333333333333336,0.0,33.0,6.0,7.0,0.787878787878788,0.757246216138204,0.07302288773159184,-0.01584185349444547,0.08886474122603728,0.04762304605295257,0.09502815206845598,224.66666666666666
fact,temporal_mean,deadlift,110,2,57.333333333333336,1.0,33.0,6.0,53.0,0.43434343434343425,0.426972637573878,0.2126039875050385,0.03602521431942777,0.176578772564729,0.08499497299393015,0.13796674460172653,224.66666666666666
fact,temporal_mean,deadlift,110,3,57.333333333333336,1.0,33.0,8.0,22.0,0.5252525252525252,0.5085286597410837,-0.04582493503888447,0.0032141705354054684,-0.04903910557428992,0.060803828140099804,0.14617867022752756,224.66666666666666
fact,temporal_mean,deadlift,110,4,57.333333333333336,0.0,33.0,6.0,9.0,0.797979797979798,0.7410606543223063,-0.09928138959609589,-0.0158873805776238,-0.08339400837818776,0.06365494119624293,0.157327356437842,224.66666666666666
fact,temporal_mean,deadlift,11110,0,57.333333333333336,1.0,10.0,12.0,1.0,0.09999999999999999,0.3187133371829986,-0.2675708085298538,-0.07858193169037496,-0.18898886938889814,0.056306491295496565,0.0,226.66666666666666
fact,temporal_mean,deadlift,11110,1,57.333333333333336,1.0,10.0,6.0,1.0,0.3333333333333333,0.32742856939633685,-0.16256469736496604,-0.008012511146565234,-0.15455218404531476,0.029316131025552666,0.05868196114897723,226.66666666666666
fact,temporal_mean,deadlift,11110,2,57.333333333333336,1.0,10.0,6.0,0.0,0.8333333333333334,0.6588046352068583,0.09572843089699745,0.002818808502828067,0.09290962480008601,0.05462828526894247,0.07627192636330916,226.66666666666666
fact,temporal_mean,deadlift,11110,3,57.333333333333336,1.0,10.0,8.0,0.0,0.3333333333333333,0.3936374733845393,-0.151920810341835,-0.05383780722816783,-0.0980830018719037,0.04741934314370153,0.10097422947486238,226.66666666666666
fact,temporal_mean,deadlift,11110,4,57.333333333333336,0.0,10.0,6.0,0.0,1.0,0.8322728077570597,-0.007019704460011166,0.00038081343321508834,-0.007400517623561101,0.015650155954062866,0.12451925377051033,226.66666666666666
fact,temporal_mean,squat,0,0,57.333333333333336,0.0,17.0,10.0,0.3333333333333333,0.5294117647058824,0.49309878547986347,-0.319118320941925,-0.07653892909487083,-0.24257938812176383,0.15035484234491983,0.0,121.66666666666667
fact,temporal_mean,squat,0,1,57.333333333333336,0.0,17.0,8.0,0.0,0.9019607843137254,0.8201431035995483,0.06291738594882186,0.0332073964333782,0.029709989515443635,0.03573427256196734,0.10156784951686858,121.66666666666667
fact,temporal_mean,squat,0,2,57.333333333333336,0.0,17.0,8.0,3.0,0.8039215686274509,0.7913245558738708,-0.093102807799975,-0.03851122719546154,-0.0545915812253952,0.05421774275600904,0.09299129744370777,121.66666666666667
fact,temporal_mean,squat,0,3,57.333333333333336,0.0,17.0,8.0,5.0,0.2549019607843137,0.3104478319485982,-0.0773445734133323,-0.007421764234701832,-0.06992280979951221,0.07580863063534098,0.08920055379470186,121.66666666666667
fact,temporal_mean,squat,0,4,57.333333333333336,0.0,17.0,6.0,5.0,1.0,0.9080772399902344,0.05056263941029704,0.0027459266129881334,0.0478167127196987,0.010016697536533033,0.08522909879684444,121.66666666666667
fact,temporal_mean,squat,0,5,57.333333333333336,0.0,17.0,6.0,38.666666666666664,0.1176470588235294,0.25648118058840425,-0.01699251681566243,0.015640316841502966,-0.032632835209369666,0.04470424912869924,0.07742062707742049,121.66666666666667
fact,temporal_mean,squat,1,0,57.333333333333336,0.0,55.0,10.0,43.333333333333336,0.27272727272727265,0.2819260607163111,-0.4622986912727356,-0.0871950524548689,-0.3751036375761032,0.11539823065201438,0.0,125.33333333333333
fact,temporal_mean,squat,1,1,57.333333333333336,0.0,55.0,8.0,0.0,0.8787878787878788,0.8226976990699768,-0.005476603594919033,0.0011911301796013994,-0.0066677338133255,0.018427693285047966,0.12858288486798597,125.33333333333333
fact,temporal_mean,squat,1,2,57.333333333333336,0.0,55.0,8.0,7.0,0.9212121212121213,0.8801278074582418,-0.05443846682707463,-0.0211012766230851,-0.03333719043682013,0.026737178675830336,0.12214641024669008,125.33333333333333
fact,temporal_mean,squat,1,3,57.333333333333336,0.0,55.0,8.0,21.0,0.5333333333333333,0.5591442485650381,0.017203684275348973,0.0008808878871302018,0.0163228002687295,0.06842269624272977,0.09035961578289668,125.33333333333333
fact,temporal_mean,squat,1,4,57.333333333333336,0.0,55.0,6.0,0.0,0.8727272727272727,0.8276794950167338,0.030466134970386805,0.0048319151004155335,0.025634219869971202,0.05470285440484677,0.07559441402554506,125.33333333333333
fact,temporal_mean,squat,1,5,57.333333333333336,1.0,55.0,6.0,6.666666666666667,0.6424242424242425,0.6236759225527445,0.18104411909977589,0.02280348337565853,0.15824063370625174,0.052708480507135336,0.10117359211047487,125.33333333333333
fact,temporal_mean,squat,101,0,57.333333333333336,0.0,22.0,10.0,28.666666666666668,0.8787878787878789,0.7951965729395548,0.11393348375956215,0.0319119064758221,0.08202157666285831,0.059078574180603,0.0,140.0
fact,temporal_mean,squat,101,1,57.333333333333336,0.0,22.0,8.0,10.0,0.787878787878788,0.6957714259624481,-0.11751656855146082,-0.03329259552992877,-0.08422397348719333,0.05533069341133034,0.06616684918602304,140.0
fact,temporal_mean,squat,101,2,57.333333333333336,0.0,22.0,8.0,0.0,0.9848484848484849,0.9149413506189982,-0.010330977772052134,-0.0025348420022055667,-0.007796135769846567,0.010208183201029834,0.10196673125028603,140.0
fact,temporal_mean,squat,101,3,57.333333333333336,1.0,22.0,8.0,40.0,0.3636363636363636,0.40641096234321594,0.1535331372482081,0.042929337127134204,0.11060380128522711,0.07954625692218541,0.07074814103543753,140.0
fact,temporal_mean,squat,101,4,57.333333333333336,0.0,22.0,6.0,0.0,1.0,0.837080717086792,0.11116483807563776,0.014751071731249434,0.09641376510262485,0.022689869006474767,0.08567509303490317,140.0
fact,temporal_mean,squat,101,5,57.333333333333336,1.0,22.0,6.0,5.0,0.6363636363636364,0.6039007902145386,0.07662219367921347,0.009143806722325567,0.06747838482260697,0.029665823715428433,0.07626836126049356,140.0
fact,temporal_mean,squat,10101,0,57.333333333333336,0.0,15.0,10.0,1.6666666666666667,0.4222222222222222,0.44250976542631787,0.08685199171304703,0.04908813225726286,0.03776386007666586,0.0659266797204812,0.0,31.0
fact,temporal_mean,squat,10101,1,57.333333333333336,1.0,15.0,8.0,15.333333333333334,0.15555555555555553,0.23691862076520917,0.0478748089323441,0.021007307494680064,0.026867502679427432,0.04020566369096434,0.07139272615313523,31.0
fact,temporal_mean,squat,10101,2,57.333333333333336,0.0,15.0,8.0,5.333333333333333,0.8888888888888888,0.8401004672050476,-0.0345177544901768,0.0037426029642423004,-0.038260359317064264,0.042994363854328733,0.0837340503931045,31.0
fact,temporal_mean,squat,10101,3,57.333333333333336,1.0,15.0,8.0,0.0,0.2888888888888889,0.38339152932167053,0.06609846279025074,0.018365985403458202,0.04773247862855587,0.045254360884428,0.08091264466444646,31.0
fact,temporal_mean,squat,10101,4,57.333333333333336,0.0,15.0,6.0,0.0,0.9111111111111111,0.8309759497642517,0.0501418604981154,0.0036946089821867333,0.04644724967268599,0.029444596536147033,0.07121851419409113,31.0
fact,temporal_mean,squat,10101,5,57.333333333333336,1.0,15.0,6.0,5.0,0.8888888888888888,0.81907852490743,-0.01751141374309857,-0.0146936331875622,-0.0028177791585525004,0.023073411236206667,0.0756609626114368,31.0
fact,temporal_mean,squat,100001,0,57.333333333333336,1.0,52.0,10.0,42.333333333333336,0.6474358974358975,0.6189071238040924,0.20075303067763642,0.047093215398490366,0.15365981683135024,0.0812888368964195,0.0,26.333333333333332
fact,temporal_mean,squat,100001,1,57.333333333333336,0.0,52.0,8.0,0.0,0.8205128205128206,0.8187543352444967,0.008208961846927798,0.010041515498111633,-0.001832554737726801,0.023453644787271733,0.105878693362077,26.333333333333332
fact,temporal_mean,squat,100001,2,57.333333333333336,0.0,52.0,8.0,18.333333333333332,0.6858974358974358,0.689988931020101,-0.14847901960213974,-0.0426895183821519,-0.10578950246175123,0.08263704304893806,0.10500706235567724,26.333333333333332
fact,temporal_mean,squat,100001,3,57.333333333333336,0.0,52.0,8.0,29.666666666666668,0.5705128205128205,0.5753835042317709,0.0038006355365116976,0.0162071771919727,-0.012406540413697603,0.04592529808481533,0.1084219639499982,26.333333333333332
fact,temporal_mean,squat,100001,4,57.333333333333336,0.0,52.0,6.0,1.6666666666666667,0.8653846153846154,0.8024078210194906,0.12454473227262493,0.013596263093252932,0.11094847073157628,0.05115216970443723,0.06286595637599623,26.333333333333332
fact,temporal_mean,squat,100001,5,57.333333333333336,1.0,52.0,6.0,1.0,0.8205128205128206,0.7063271601994833,0.05751784394184747,-0.001394302273790067,0.05891214435299236,0.028333701814214334,0.08734106644988056,26.333333333333332
fact,temporal_mean,squat,100101,0,57.333333333333336,1.0,36.0,10.0,17.0,0.8148148148148149,0.7636582851409912,0.08252642055352527,0.009436127419273065,0.07309029002984363,0.0635339443882306,0.0,29.0
fact,temporal_mean,squat,100101,1,57.333333333333336,0.0,36.0,8.0,0.3333333333333333,0.6481481481481481,0.6110072533289591,-0.16557352741559347,-0.039545835927128736,-0.1260276933511098,0.07876216496030483,0.11811930934588107,29.0
fact,temporal_mean,squat,100101,2,57.333333333333336,0.0,36.0,8.0,0.0,0.6018518518518519,0.6210442781448364,-0.1658042768637339,-0.07352414851387337,-0.0922801283498605,0.06704560170571007,0.12339028467734653,29.0
fact,temporal_mean,squat,100101,3,57.333333333333336,1.0,36.0,8.0,44.666666666666664,0.5925925925925926,0.545258363087972,0.11724463601907091,0.05613732027510796,0.06110731760660807,0.08814236273368192,0.12040783713261283,29.0
fact,temporal_mean,squat,100101,4,57.333333333333336,0.0,36.0,6.0,0.0,0.9444444444444445,0.8204135100046793,0.0673680296167731,0.008137347875162968,0.05923068306098377,0.029021587222814532,0.11986437439918514,29.0
fact,temporal_mean,squat,100101,5,57.333333333333336,1.0,36.0,6.0,0.0,0.7962962962962963,0.6765759984652201,0.0836347403625647,0.002364659992357033,0.0812700800597667,0.04193981612722073,0.12875447422265998,29.0
fact,temporal_mean,squat,101001,0,57.333333333333336,1.0,25.0,10.0,4.666666666666667,0.8533333333333334,0.7938726544380188,0.44173158208529156,0.08438415577014284,0.35734741886456806,0.0708785293002923,0.0,171.66666666666666
fact,temporal_mean,squat,101001,1,57.333333333333336,0.0,25.0,8.0,0.0,0.6133333333333334,0.5964348713556925,-0.026810221374034868,0.0053140604092429,-0.0321242815504471,0.03747953909138837,0.07838993643720941,171.66666666666666
fact,temporal_mean,squat,101001,2,57.333333333333336,1.0,25.0,8.0,43.333333333333336,0.19999999999999998,0.2249421402812004,0.0657359012014543,0.02033757728834947,0.04539832410713033,0.043676649220287765,0.0775328824917475,171.66666666666666
fact,temporal_mean,squat,101001,3,57.333333333333336,0.0,25.0,8.0,0.0,0.6933333333333334,0.6370741029580435,-0.0357138272374868,-0.007674982286213633,-0.028038844621429766,0.029790505766868536,0.07140484203894927,171.66666666666666
fact,temporal_mean,squat,101001,4,57.333333333333336,0.0,25.0,6.0,0.0,0.9466666666666667,0.7965487639109293,-0.010776014998555164,-0.012885471029827933,0.0021094561864932657,0.022087276602784766,0.04858585384984804,171.66666666666666
fact,temporal_mean,squat,101001,5,57.333333333333336,1.0,25.0,6.0,0.0,0.7866666666666666,0.6695289015769958,-0.0400058440864086,-0.01860807090997693,-0.02139777317643164,0.027566420535246498,0.06598465641339617,171.66666666666666
fact,zero,deadlift,0,0,57.333333333333336,0.0,69.0,12.0,0.0,0.6666666666666666,0.5752356648445129,0.02168810367584231,0.016670476295985268,0.005017625788847628,0.06656702980399126,0.0,145.66666666666666
fact,zero,deadlift,0,1,57.333333333333336,0.0,69.0,6.0,0.0,0.7246376811594203,0.6075184543927511,-0.015748692055543263,0.010876256856136067,-0.026624950269858033,0.10254539052645363,0.023998267327745734,145.66666666666666
fact,zero,deadlift,0,2,57.333333333333336,0.0,69.0,6.0,15.0,0.46859903381642515,0.5057605703671774,-0.04736368730664253,-0.0010324124790107,-0.04633127525448797,0.033289334426323536,0.077412004272143,145.66666666666666
fact,zero,deadlift,0,3,57.333333333333336,0.0,69.0,8.0,45.0,0.0289855072463768,0.38866429527600604,-0.0471379328519106,-0.008833772502839534,-0.0383041612803936,0.025814228380719766,0.0742780988415082,145.66666666666666
fact,zero,deadlift,0,4,57.333333333333336,0.0,69.0,6.0,0.0,0.9565217391304349,0.7801403403282166,-0.023984670794258468,0.0028791530057787674,-0.026863823334375998,0.0321914019683996,0.09505425890286756,145.66666666666666
fact,zero,deadlift,10,0,57.333333333333336,0.0,66.0,12.0,2.0,0.6464646464646465,0.5595186650753021,0.14586455499132475,0.043761686421930734,0.10210287198424339,0.06962335792680578,0.0,306.6666666666667
fact,zero,deadlift,10,1,57.333333333333336,0.0,66.0,6.0,6.0,0.6717171717171717,0.6044983665148417,-0.19369157652060187,-0.029207290150225135,-0.16448428233464554,0.11309932172298427,0.09336189677317934,306.6666666666667
fact,zero,deadlift,10,2,57.333333333333336,0.0,66.0,6.0,30.0,0.21717171717171713,0.39881255229314166,-0.1547426680723826,-0.020576830022036963,-0.1341658383607864,0.05367901424566903,0.15316843986511222,306.6666666666667
fact,zero,deadlift,10,3,57.333333333333336,1.0,66.0,8.0,47.0,0.5909090909090909,0.5220934847990671,0.31950928270816803,0.0682147120436032,0.25129457811514533,0.10272223254044847,0.13265225787957505,306.6666666666667
fact,zero,deadlift,10,4,57.333333333333336,0.0,66.0,6.0,0.0,0.8181818181818182,0.6510635018348694,-0.15056861440340677,-0.017367929220199533,-0.133200687666734,0.053816020488738965,0.1613100618124008,306.6666666666667
fact,zero,deadlift,100,0,57.333333333333336,0.0,22.0,12.0,0.0,0.893939393939394,0.7315744558970133,0.14886110027631125,0.023058283220355667,0.12580281744400656,0.0537806836267312,0.0,292.6666666666667
fact,zero,deadlift,100,1,57.333333333333336,0.0,22.0,6.0,0.0,0.712121212121212,0.6568580468495687,-0.0343663468956947,0.015605980840822034,-0.04997232556343074,0.15504343310991917,0.14058253883073724,292.6666666666667
fact,zero,deadlift,100,2,57.333333333333336,1.0,22.0,6.0,54.0,0.5,0.5091079672177633,0.16658490213255087,0.02212675598760443,0.14445814676582813,0.11954902422924829,0.14371980726718894,292.6666666666667
fact,zero,deadlift,100,3,57.333333333333336,0.0,22.0,8.0,33.0,0.19696969696969693,0.36343180139859516,-0.276424283782641,-0.0421255752444267,-0.23429871102174119,0.09753694074849284,0.15526425093412397,292.6666666666667
fact,zero,deadlift,100,4,57.333333333333336,0.0,22.0,6.0,5.0,0.8484848484848485,0.7493532101313273,-0.1156262916823228,-0.0345572897543509,-0.08106900254885353,0.06095369035998973,0.1635710497697194,292.6666666666667
fact,zero,deadlift,110,0,57.333333333333336,0.0,33.0,12.0,0.0,0.8181818181818182,0.7609227299690247,0.13175094376007718,0.07279466154674684,0.0589562803506851,0.11612863590319945,0.0,224.66666666666666
fact,zero,deadlift,110,1,57.333333333333336,0.0,33.0,6.0,7.0,0.787878787878788,0.757246216138204,-0.11276610195636749,0.069460409382979,-0.1822265138228734,0.2181428074836731,0.16299978395303083,224.66666666666666
fact,zero,deadlift,110,2,57.333333333333336,1.0,33.0,6.0,53.0,0.43434343434343425,0.426972637573878,0.029988656441370633,0.04054660443216557,-0.010557948301235867,0.09092805534601207,0.17898730188608167,224.66666666666666
fact,zero,deadlift,110,3,57.333333333333336,1.0,33.0,8.0,22.0,0.5252525252525252,0.5085286597410837,0.3751830756664276,0.08899212007721259,0.28619096676508576,0.12514578054348627,0.16952588409185407,224.66666666666666
fact,zero,deadlift,110,4,57.333333333333336,0.0,33.0,6.0,9.0,0.797979797979798,0.7410606543223063,-0.11186054100592928,-0.05772950872778887,-0.05413103227814033,0.07404617965221401,0.19148462017377213,224.66666666666666
fact,zero,deadlift,11110,0,57.333333333333336,1.0,10.0,12.0,1.0,0.09999999999999999,0.3187133371829986,-0.3045338491598765,-0.06977380315462743,-0.2347600385546684,0.08012844622135161,0.0,226.66666666666666
fact,zero,deadlift,11110,1,57.333333333333336,1.0,10.0,6.0,1.0,0.3333333333333333,0.32742856939633685,0.22641922036806741,-0.0383313757677873,0.2647505948940912,0.21452121436595914,0.16234839210907612,226.66666666666666
fact,zero,deadlift,11110,2,57.333333333333336,1.0,10.0,6.0,0.0,0.8333333333333334,0.6588046352068583,0.514120618502299,0.061410514016946104,0.452710102001826,0.12071588511268294,0.19242223103841138,226.66666666666666
fact,zero,deadlift,11110,3,57.333333333333336,1.0,10.0,8.0,0.0,0.3333333333333333,0.3936374733845393,0.0481025730647768,-0.0270865651157995,0.07518913814177113,0.18154151240984595,0.2409780671199163,226.66666666666666
fact,zero,deadlift,11110,4,57.333333333333336,0.0,10.0,6.0,0.0,1.0,0.8322728077570597,0.20609972501794493,0.0396896284073591,0.16641009847323093,0.08383406636615591,0.2701251208782196,226.66666666666666
fact,zero,squat,0,0,57.333333333333336,0.0,17.0,10.0,0.3333333333333333,0.5294117647058824,0.49309878547986347,0.4459148148695628,0.0756874276945988,0.3702273865540822,0.2783072541157405,0.0,121.66666666666667
fact,zero,squat,0,1,57.333333333333336,0.0,17.0,8.0,0.0,0.9019607843137254,0.8201431035995483,0.32264366435507935,0.045943742617964696,0.2766999180118243,0.20591320097446442,0.20610030492146805,121.66666666666667
fact,zero,squat,0,2,57.333333333333336,0.0,17.0,8.0,3.0,0.8039215686274509,0.7913245558738708,-0.14018976191679633,0.0622109298904736,-0.2024006893237432,0.2258635014295578,0.22327472269535065,121.66666666666667
fact,zero,squat,0,3,57.333333333333336,0.0,17.0,8.0,5.0,0.2549019607843137,0.3104478319485982,-0.5831840733687083,-0.08159791802366574,-0.5015861491362253,0.3228530287742614,0.14326699823141095,121.66666666666667
fact,zero,squat,0,4,57.333333333333336,0.0,17.0,6.0,5.0,1.0,0.9080772399902344,0.23032283115511146,0.11699314912160234,0.11332967877388002,0.19295809107522163,0.2994431753953297,121.66666666666667
fact,zero,squat,0,5,57.333333333333336,0.0,17.0,6.0,38.666666666666664,0.1176470588235294,0.25648118058840425,0.004104485114415496,-0.06105437874794,0.06515886137882869,0.1887549012899398,0.21854591866334275,121.66666666666667
fact,zero,squat,1,0,57.333333333333336,0.0,55.0,10.0,43.333333333333336,0.27272727272727265,0.2819260607163111,0.22080771128336585,-0.031723636512955004,0.2525313446919123,0.1698480794827143,0.0,125.33333333333333
fact,zero,squat,1,1,57.333333333333336,0.0,55.0,8.0,0.0,0.8787878787878788,0.8226976990699768,0.007830139249563233,0.06798105042738213,-0.06015091389417653,0.20700045923391974,0.27180197338263196,125.33333333333333
fact,zero,squat,1,2,57.333333333333336,0.0,55.0,8.0,7.0,0.9212121212121213,0.8801278074582418,0.3599738876024882,0.09952401618162789,0.2604498863220215,0.18576210240523017,0.2047316382328669,125.33333333333333
fact,zero,squat,1,3,57.333333333333336,0.0,55.0,8.0,21.0,0.5333333333333333,0.5591442485650381,-0.3695134023825328,0.05430840204159413,-0.4238217969735463,0.2928137381871541,0.2157636334498723,125.33333333333333
fact,zero,squat,1,4,57.333333333333336,0.0,55.0,6.0,0.0,0.8727272727272727,0.8276794950167338,0.1071934923529625,0.012799255549907664,0.09439423431952794,0.1365254496534665,0.278245061635971,125.33333333333333
fact,zero,squat,1,5,57.333333333333336,1.0,55.0,6.0,6.666666666666667,0.6424242424242425,0.6236759225527445,-0.16943439841270447,0.0144265138854583,-0.18386091788609824,0.1609552254279454,0.2429300248622894,125.33333333333333
fact,zero,squat,101,0,57.333333333333336,0.0,22.0,10.0,28.666666666666668,0.8787878787878789,0.7951965729395548,0.6741509834925333,0.11943581327795981,0.5547151565551758,0.1911860605080922,0.0,140.0
fact,zero,squat,101,1,57.333333333333336,0.0,22.0,8.0,10.0,0.787878787878788,0.6957714259624481,-0.20580923929810516,0.0631386910875638,-0.2689479291439056,0.28536185622215265,0.17702324191729224,140.0
fact,zero,squat,101,2,57.333333333333336,0.0,22.0,8.0,0.0,0.9848484848484849,0.9149413506189982,0.5249887108802795,0.1437042454878489,0.3812844604253769,0.19950922330220536,0.17734582225481668,140.0
fact,zero,squat,101,3,57.333333333333336,1.0,22.0,8.0,40.0,0.3636363636363636,0.40641096234321594,0.27750581130385393,-0.09811914401749762,0.37562494973341626,0.2853775471448898,0.2215940753618876,140.0
fact,zero,squat,101,4,57.333333333333336,0.0,22.0,6.0,0.0,1.0,0.837080717086792,0.12012044402460255,0.0500911070654789,0.07002934068441392,0.09943663825591403,0.2984256446361542,140.0
fact,zero,squat,101,5,57.333333333333336,1.0,22.0,6.0,5.0,0.6363636363636364,0.6039007902145386,-0.15883732214570043,0.0014953271796306021,-0.16033264746268586,0.14789161582787827,0.19107674434781066,140.0
fact,zero,squat,10101,0,57.333333333333336,0.0,15.0,10.0,1.6666666666666667,0.4222222222222222,0.44250976542631787,0.3780125826597214,0.0424235640093684,0.3355890115102132,0.2436743130286534,0.0,31.0
fact,zero,squat,10101,1,57.333333333333336,1.0,15.0,8.0,15.333333333333334,0.15555555555555553,0.23691862076520917,-0.0717626418918371,-0.0296716207327942,-0.04209101634720963,0.16196845223506287,0.20893831551074973,31.0
fact,zero,squat,10101,2,57.333333333333336,0.0,15.0,8.0,5.333333333333333,0.8888888888888888,0.8401004672050476,0.1360029261559248,0.16754308094580964,-0.031540160377820294,0.2254079928000768,0.2362431536118189,31.0
fact,zero,squat,10101,3,57.333333333333336,1.0,15.0,8.0,0.0,0.2888888888888889,0.38339152932167053,-0.3748023013273875,-0.12433656305074686,-0.25046573579311365,0.3094205955664317,0.20284849405288694,31.0
fact,zero,squat,10101,4,57.333333333333336,0.0,15.0,6.0,0.0,0.9111111111111111,0.8309759497642517,0.12256648174176611,-0.003286789869889633,0.12585327727720141,0.06974438826243078,0.26156545182069135,31.0
fact,zero,squat,10101,5,57.333333333333336,1.0,15.0,6.0,5.0,0.8888888888888888,0.81907852490743,0.2500824512292941,0.0409911815077066,0.20909126847982407,0.1298643847306569,0.1396807009975115,31.0
fact,zero,squat,100001,0,57.333333333333336,1.0,52.0,10.0,42.333333333333336,0.6474358974358975,0.6189071238040924,-0.2710378021001815,-0.030202990397810936,-0.24083480735619858,0.150927980740865,0.0,26.333333333333332
fact,zero,squat,100001,1,57.333333333333336,0.0,52.0,8.0,0.0,0.8205128205128206,0.8187543352444967,-0.1414274374643961,0.07295473044117286,-0.2143821666638056,0.19037418067455292,0.21333865324656168,26.333333333333332
fact,zero,squat,100001,2,57.333333333333336,0.0,52.0,8.0,18.333333333333332,0.6858974358974358,0.689988931020101,0.34419987350702286,0.052465652736524704,0.2917342235644658,0.2124413301547368,0.17977794011433912,26.333333333333332
fact,zero,squat,100001,3,57.333333333333336,0.0,52.0,8.0,29.666666666666668,0.5705128205128205,0.5753835042317709,-0.31992865105470014,0.07451782181548576,-0.3944464723269145,0.31617580850919086,0.20984664559364316,26.333333333333332
fact,zero,squat,100001,4,57.333333333333336,0.0,52.0,6.0,1.6666666666666667,0.8653846153846154,0.8024078210194906,-0.09261635628839333,0.020783738776420566,-0.11340009421110149,0.12836744387944535,0.24089796841144562,26.333333333333332
fact,zero,squat,100001,5,57.333333333333336,1.0,52.0,6.0,1.0,0.8205128205128206,0.7063271601994833,-0.023194468929432322,0.0324113263438145,-0.05560579275091485,0.1023638099431991,0.23664421339829758,26.333333333333332
fact,zero,squat,100101,0,57.333333333333336,1.0,36.0,10.0,17.0,0.8148148148148149,0.7636582851409912,-0.12018850197394687,0.017543681897222933,-0.1377321804563204,0.1245176295439402,0.0,29.0
fact,zero,squat,100101,1,57.333333333333336,0.0,36.0,8.0,0.3333333333333333,0.6481481481481481,0.6110072533289591,-0.15653053808879722,0.030258124073346427,-0.18678866575161615,0.24413658678531638,0.20637843509515122,29.0
fact,zero,squat,100101,2,57.333333333333336,0.0,36.0,8.0,0.0,0.6018518518518519,0.6210442781448364,-0.25573361416657764,0.019862921598056932,-0.27559652924537653,0.17290454109509787,0.2231287360191345,29.0
fact,zero,squat,100101,3,57.333333333333336,1.0,36.0,8.0,44.666666666666664,0.5925925925925926,0.545258363087972,0.2888312687476476,-0.012637284157487265,0.30146854370832443,0.3071522216002146,0.18704211711883542,29.0
fact,zero,squat,100101,4,57.333333333333336,0.0,36.0,6.0,0.0,0.9444444444444445,0.8204135100046793,0.03494801751730845,0.009876173765709033,0.025071843449647233,0.0485246504346529,0.29629102845986677,29.0
fact,zero,squat,100101,5,57.333333333333336,1.0,36.0,6.0,0.0,0.7962962962962963,0.6765759984652201,-0.043804277355472265,0.013430272539456667,-0.05723454741140207,0.1320770854751269,0.22078045209248862,29.0
fact,zero,squat,101001,0,57.333333333333336,1.0,25.0,10.0,4.666666666666667,0.8533333333333334,0.7938726544380188,-0.1284935300548871,0.029467585807045237,-0.1579611202081044,0.09450840701659517,0.0,171.66666666666666
fact,zero,squat,101001,1,57.333333333333336,0.0,25.0,8.0,0.0,0.6133333333333334,0.5964348713556925,-0.2031959742307663,0.038851915237804235,-0.24204789102077484,0.11086949830253912,0.1142088820536931,171.66666666666666
fact,zero,squat,101001,2,57.333333333333336,1.0,25.0,8.0,43.333333333333336,0.19999999999999998,0.2249421402812004,0.055049995581309,-0.0300525336836775,0.08510253081719081,0.14608098566532132,0.11236443867286043,171.66666666666666
fact,zero,squat,101001,3,57.333333333333336,0.0,25.0,8.0,0.0,0.6933333333333334,0.6370741029580435,-0.0667346467574437,0.07069828485449153,-0.13743293037017182,0.15928971767425534,0.11248653382062906,171.66666666666666
fact,zero,squat,101001,4,57.333333333333336,0.0,25.0,6.0,0.0,0.9466666666666667,0.7965487639109293,0.030532576143741608,0.028202003178497134,0.002330572654803594,0.0790575544039408,0.1164849276343981,171.66666666666666
fact,zero,squat,101001,5,57.333333333333336,1.0,25.0,6.0,0.0,0.7866666666666666,0.6695289015769958,-0.06163960819443066,0.016659876176466533,-0.07829948390523593,0.07694128031531967,0.11063173909982044,171.66666666666666
tcn,temporal_mean,deadlift,0,0,57.333333333333336,0.0,69.0,12.0,0.0,0.5797101449275363,0.5894253253936768,0.1221892361839612,0.08027533814311023,0.041913898040850904,0.022248849272727935,0.12771448741356525,145.66666666666666
tcn,temporal_mean,deadlift,0,1,57.333333333333336,0.0,69.0,6.0,0.0,0.5700483091787439,0.5809341669082642,0.0030460950608054665,0.011114517886501966,-0.008068423097332267,0.005964451779921834,0.006315442267805266,145.66666666666666
tcn,temporal_mean,deadlift,0,2,57.333333333333336,0.0,69.0,6.0,15.0,0.4202898550724638,0.46053581436475116,-0.0006446061500658996,-0.0028713741630780995,0.002226768061518633,0.003621226409450133,0.011823938849071599,145.66666666666666
tcn,temporal_mean,deadlift,0,3,57.333333333333336,0.0,69.0,8.0,45.0,0.4734299516908213,0.4725113809108734,-0.0011569371369357,0.0018001919961534666,-0.0029571292301019,0.0046587007430692,0.014054378805061135,145.66666666666666
tcn,temporal_mean,deadlift,0,4,57.333333333333336,0.0,69.0,6.0,0.0,0.7536231884057972,0.710914691289266,0.0089762147981673,0.0048445281572639335,0.004131686640903314,0.0044467253610491,0.012162354774773065,145.66666666666666
tcn,temporal_mean,deadlift,10,0,57.333333333333336,0.0,66.0,12.0,2.0,0.41919191919191917,0.5273562669754028,0.027308428155568665,0.027720914881986802,-0.0004124867264181436,0.006025623100867947,0.02785342163406307,306.6666666666667
tcn,temporal_mean,deadlift,10,1,57.333333333333336,0.0,66.0,6.0,6.0,0.5050505050505051,0.510013739267985,0.002441361447684613,0.0046690465275483935,-0.0022276850795605826,0.002416414884161563,0.0021740317048776444,306.6666666666667
tcn,temporal_mean,deadlift,10,2,57.333333333333336,0.0,66.0,6.0,30.0,0.30808080808080807,0.48069438338279724,-0.0011013050634573899,-0.0017861429863235724,0.0006848379301420985,0.001074421988353877,0.0048461441013690045,306.6666666666667
tcn,temporal_mean,deadlift,10,3,57.333333333333336,1.0,66.0,8.0,47.0,0.8383838383838383,0.5473376115163168,-0.0023191694963315885,-0.0031383424182725114,0.000819172902993103,0.001052724708642882,0.0057224600556461626,306.6666666666667
tcn,temporal_mean,deadlift,10,4,57.333333333333336,0.0,66.0,6.0,0.0,0.8787878787878788,0.646930992603302,0.002586104298340275,0.0025689370586405515,1.7167240002888193e-05,0.0015871554739229543,0.004188249150805207,306.6666666666667
tcn,temporal_mean,deadlift,100,0,57.333333333333336,0.0,22.0,12.0,0.0,0.7272727272727272,0.6722769339879354,0.0186709018113712,0.017675558881213232,0.000995342930158,0.004336040777464667,0.034958032270272534,292.6666666666667
tcn,temporal_mean,deadlift,100,1,57.333333333333336,0.0,22.0,6.0,0.0,0.5,0.5183378557364146,0.0010401805338915002,0.004146870623420299,-0.0031066900895287334,0.0028644762933254,0.0030072257310772336,292.6666666666667
tcn,temporal_mean,deadlift,100,2,57.333333333333336,1.0,22.0,6.0,54.0,0.3333333333333333,0.44910704096158344,-0.0036949095859502338,-0.004474763370429433,0.0007798537844792,0.002115387896386233,0.0052174107016374335,292.6666666666667
tcn,temporal_mean,deadlift,100,3,57.333333333333336,0.0,22.0,8.0,33.0,0.4393939393939394,0.4385746618111928,0.002331172853397767,0.004018841350140633,-0.0016876684191326,0.0015772594876276335,0.006544311841328867,292.6666666666667
tcn,temporal_mean,deadlift,100,4,57.333333333333336,0.0,22.0,6.0,5.0,0.8636363636363636,0.6222375830014547,0.004044135450385467,0.005693436464449967,-0.0016493010140644848,0.0024011517913701333,0.0050467051720867,292.6666666666667
tcn,temporal_mean,deadlift,110,0,57.333333333333336,0.0,33.0,12.0,0.0,0.8080808080808081,0.6353022257486979,0.028596879914402934,0.05435919761657713,-0.02576231770217413,0.010648410301655498,0.036438790460427535,224.66666666666666
tcn,temporal_mean,deadlift,110,1,57.333333333333336,0.0,33.0,6.0,7.0,0.8484848484848485,0.8218823472658793,0.0006403405180510667,0.0035441942745819337,-0.0029038537177256667,0.0022432401310652,0.0038114785760019667,224.66666666666666
tcn,temporal_mean,deadlift,110,2,57.333333333333336,1.0,33.0,6.0,53.0,0.6363636363636364,0.638988067706426,-0.0020718314529706667,0.004028156283311533,-0.006099987697477134,0.0022868361944953,0.005806953025360866,224.66666666666666
tcn,temporal_mean,deadlift,110,3,57.333333333333336,1.0,33.0,8.0,22.0,0.7070707070707071,0.5908783078193665,-0.004380628835254633,-0.0035199821771432997,-0.0008606466775139,0.0017311883857473332,0.0070381225086748,224.66666666666666
tcn,temporal_mean,deadlift,110,4,57.333333333333336,0.0,33.0,6.0,9.0,0.494949494949495,0.4992704391479492,0.005576316817799395,-0.0006687666755169666,0.006245083486040366,0.002909683467199333,0.006362374600333433,224.66666666666666
tcn,temporal_mean,deadlift,11110,0,57.333333333333336,1.0,10.0,12.0,1.0,0.3666666666666667,0.4105646510918935,-0.03562920385350783,-0.03145933027068774,-0.004169873893260967,0.014731332038839634,0.02821396725873147,226.66666666666666
tcn,temporal_mean,deadlift,11110,1,57.333333333333336,1.0,10.0,6.0,1.0,0.0,0.04629170211652913,-0.0024130720703396335,-0.006211510739376504,0.0037984385465581996,0.0026622508982351,0.004973842995241233,226.66666666666666
tcn,temporal_mean,deadlift,11110,2,57.333333333333336,1.0,10.0,6.0,0.0,0.20000000000000004,0.30694397787253064,-0.0029281528356174327,0.0092407514651616,-0.012168904300779068,0.0088443060715993,0.007460345203677767,226.66666666666666
tcn,temporal_mean,deadlift,11110,3,57.333333333333336,1.0,10.0,8.0,0.0,0.7000000000000001,0.6046325961748759,-0.009174491899708868,-0.0062961800334354,-0.0028783120214939,0.0049492235605915,0.0095080275398989,226.66666666666666
tcn,temporal_mean,deadlift,11110,4,57.333333333333336,0.0,10.0,6.0,0.0,1.0,0.9898231426874796,-0.0014512758061755665,-0.0011741086091205646,-0.00027716719584233333,0.0005928057580604126,0.010454160782198067,226.66666666666666
tcn,temporal_mean,squat,0,0,57.333333333333336,0.0,17.0,10.0,0.3333333333333333,0.29411764705882354,0.4029198984305064,-0.0399448821942011,-0.0242849734301368,-0.015659909074505134,0.013306905825932802,0.028647298303743168,121.66666666666667
tcn,temporal_mean,squat,0,1,57.333333333333336,0.0,17.0,8.0,0.0,0.784313725490196,0.6808235545953115,-0.0017692751328771334,0.0018470150923046,-0.003616290244584267,0.0015950785988631002,0.003732584339256033,121.66666666666667
tcn,temporal_mean,squat,0,2,57.333333333333336,0.0,17.0,8.0,3.0,0.5882352941176471,0.5498168766498566,-0.0028627058879161665,-0.0016161440095553332,-0.0012465618783608,0.0012766209741433,0.0020777605241164,121.66666666666667
tcn,temporal_mean,squat,0,3,57.333333333333336,0.0,17.0,8.0,5.0,0.7450980392156863,0.5801519850889841,0.0005788055132142667,0.0031726645344557665,-0.0025938590212414665,0.0009512095324074,0.0024155376401418997,121.66666666666667
tcn,temporal_mean,squat,0,4,57.333333333333336,0.0,17.0,6.0,5.0,1.0,0.9471027255058289,0.0002206622448284167,0.0009908558664998,-0.0007701936071194999,0.0004922006119158579,0.0016861053300089666,121.66666666666667
tcn,temporal_mean,squat,0,5,57.333333333333336,0.0,17.0,6.0,38.666666666666664,0.0,0.21672707796096802,-0.00011836782020209996,-0.0027165032806805663,0.0025981355186861666,0.0008742788922972334,0.0021885478830274666,121.66666666666667
tcn,temporal_mean,squat,1,0,57.333333333333336,0.0,55.0,10.0,43.333333333333336,0.3636363636363636,0.4369244376818339,-0.13748316963513688,-0.021263636338214,-0.11621953298648192,0.029925400391220963,0.08577484389146167,125.33333333333333
tcn,temporal_mean,squat,1,1,57.333333333333336,0.0,55.0,8.0,0.0,0.7757575757575758,0.6453597744305929,0.0036320773118252666,0.0053402676712721,-0.0017081903448949332,0.0021102491688604,0.003801786651213933,125.33333333333333
tcn,temporal_mean,squat,1,2,57.333333333333336,0.0,55.0,8.0,7.0,0.4424242424242424,0.4985323945681254,-0.0015772360687454,-0.0005804025956118666,-0.0009968335119386333,0.0017450438657154001,0.0026563054416327996,125.33333333333333
tcn,temporal_mean,squat,1,3,57.333333333333336,0.0,55.0,8.0,21.0,0.6969696969696969,0.538672665754954,0.0014462199954626,0.0035375827380145,-0.0020913627813569998,0.0015622772819672334,0.0026753502897917335,125.33333333333333
tcn,temporal_mean,squat,1,4,57.333333333333336,0.0,55.0,6.0,0.0,0.8484848484848485,0.7999740839004517,0.0008192517464825,0.0018076560033174333,-0.0009884042568349,0.0008309770976969,0.0016998174833133333,125.33333333333333
tcn,temporal_mean,squat,1,5,57.333333333333336,1.0,55.0,6.0,6.666666666666667,0.8727272727272727,0.6741618116696676,0.0006413761293515666,0.0021272189042064664,-0.0014858427457510668,0.000906179921003,0.002263472493117,125.33333333333333
tcn,temporal_mean,squat,101,0,57.333333333333336,0.0,22.0,10.0,28.666666666666668,0.6060606060606061,0.6054484248161316,-0.056980770081281606,-0.008564861956983734,-0.04841590921084083,0.018108122671643866,0.05109209318955734,140.0
tcn,temporal_mean,squat,101,1,57.333333333333336,0.0,22.0,8.0,10.0,0.4393939393939394,0.44123852252960205,0.0008384116614857667,0.0054904930390572,-0.0046520813678701005,0.0019742947770282,0.005219384329393467,140.0
tcn,temporal_mean,squat,101,2,57.333333333333336,0.0,22.0,8.0,0.0,0.7727272727272728,0.6917901833852133,0.0008736875897739,0.0049597551890959,-0.0040860676672309,0.0024146954140936,0.002806539802501533,140.0
tcn,temporal_mean,squat,101,3,57.333333333333336,1.0,22.0,8.0,40.0,0.6060606060606061,0.5955305298169454,-0.0018096124501123,-0.005060545246427233,0.0032509328254187665,0.0027201447713499,0.002686233958229367,140.0
tcn,temporal_mean,squat,101,4,57.333333333333336,0.0,22.0,6.0,0.0,0.9696969696969697,0.9149510463078817,0.0011610912430720665,0.0014655849178476334,-0.0003044936844768333,0.0009289622539653666,0.0019180503052968999,140.0
tcn,temporal_mean,squat,101,5,57.333333333333336,1.0,22.0,6.0,5.0,0.6818181818181818,0.5796053608258566,-0.0012920591883206001,0.0019255893906422999,-0.0032176485595603005,0.0016264448252816333,0.0028277011200163998,140.0
tcn,temporal_mean,squat,10101,0,57.333333333333336,0.0,15.0,10.0,1.6666666666666667,0.5333333333333333,0.5432732999324799,0.006713541767870403,0.028406648896634534,-0.021693107361594827,0.024675140002121468,0.032475781006117636,31.0
tcn,temporal_mean,squat,10101,1,57.333333333333336,1.0,15.0,8.0,15.333333333333334,0.4444444444444444,0.40810900926589966,-0.0047746887430548,0.0022721384302713,-0.0070468271927287,0.0023289156379177668,0.0135200122992197,31.0
tcn,temporal_mean,squat,10101,2,57.333333333333336,0.0,15.0,8.0,5.333333333333333,0.9111111111111111,0.8128107984860738,-0.004858566705176267,-0.0004484631814799883,-0.00441010344608608,0.0024514552739371,0.008413709389666667,31.0
tcn,temporal_mean,squat,10101,3,57.333333333333336,1.0,15.0,8.0,0.0,0.7111111111111111,0.6181481182575226,-0.0080542626480261,-0.011117676234183166,0.0030634134309366332,0.005499310830297532,0.006831931338335067,31.0
tcn,temporal_mean,squat,10101,4,57.333333333333336,0.0,15.0,6.0,0.0,0.8444444444444444,0.8136980533599854,-0.0005822407547384532,0.0026280469707368336,-0.0032102877254752333,0.002316477068234167,0.0053050873878722,31.0
tcn,temporal_mean,squat,10101,5,57.333333333333336,1.0,15.0,6.0,5.0,0.6888888888888888,0.5544386208057404,0.00236117845634,2.3137273577333187e-05,0.0023380411827626335,0.0030501425887147003,0.007379290647804667,31.0
tcn,temporal_mean,squat,100001,0,57.333333333333336,1.0,52.0,10.0,42.333333333333336,0.717948717948718,0.618830680847168,0.09437081838647521,-0.02229735982837157,0.1166681765268246,0.027247739955782835,0.05205872034033134,26.333333333333332
tcn,temporal_mean,squat,100001,1,57.333333333333336,0.0,52.0,8.0,0.0,0.6666666666666666,0.6283892492453257,0.0008224960377750335,0.003812706020350233,-0.0029902100407828334,0.0014412341988645,0.003793297102674767,26.333333333333332
tcn,temporal_mean,squat,100001,2,57.333333333333336,0.0,52.0,8.0,18.333333333333332,0.6282051282051282,0.6142533818880717,0.0001410712138749333,0.0010405851062386666,-0.0008995139117662666,0.0014412825985345332,0.0029781788277128663,26.333333333333332
tcn,temporal_mean,squat,100001,3,57.333333333333336,0.0,52.0,8.0,29.666666666666668,0.31410256410256404,0.34813539187113435,0.0007605101757993333,0.0033397179965200963,-0.0025792078813537335,0.002404697375216767,0.0026189937101055998,26.333333333333332
tcn,temporal_mean,squat,100001,4,57.333333333333336,0.0,52.0,6.0,1.6666666666666667,0.9038461538461539,0.8707104722658793,8.02457992298e-05,0.00108960619278751,-0.0010093604311502333,0.0009330768759051334,0.001915902636634767,26.333333333333332
tcn,temporal_mean,squat,100001,5,57.333333333333336,1.0,52.0,6.0,1.0,0.8076923076923076,0.6646653811136881,0.0005579700421852666,0.0021414794415856,-0.0015835093605952998,0.0014634348966258669,0.0023459932611633668,26.333333333333332
tcn,temporal_mean,squat,100101,0,57.333333333333336,1.0,36.0,10.0,17.0,0.7407407407407408,0.7003605564435323,0.05811907475193336,0.035846807373066704,0.0222722673788666,0.024079088432093398,0.11731131623188651,29.0
tcn,temporal_mean,squat,100101,1,57.333333333333336,0.0,36.0,8.0,0.3333333333333333,0.9537037037037037,0.880661686261495,-0.0005315879049400334,0.004235452603703967,-0.004767040411631201,0.0021205953477571,0.009092677850276168,29.0
tcn,temporal_mean,squat,100101,2,57.333333333333336,0.0,36.0,8.0,0.0,0.7870370370370371,0.687656581401825,-0.0112233171239495,-0.009473985216269834,-0.0017493319076796,0.003999783269440066,0.0033716205507516336,29.0
tcn,temporal_mean,squat,100101,3,57.333333333333336,1.0,36.0,8.0,44.666666666666664,0.09259259259259252,0.12874990453322724,0.0012330016470514333,-0.006373396453758,0.007606398003796667,0.0028134291060268666,0.005381987430155233,29.0
tcn,temporal_mean,squat,100101,4,57.333333333333336,0.0,36.0,6.0,0.0,0.8148148148148149,0.7879203955332438,0.0010181659575512986,0.0023719367939823333,-0.0013537708243044667,0.0013013743252182667,0.0024917225819080665,29.0
tcn,temporal_mean,squat,100101,5,57.333333333333336,1.0,36.0,6.0,0.0,0.9074074074074074,0.7625357707341512,0.0016300600642959,0.0033872380542258,-0.0017571780675401667,0.0018247627109909334,0.0045158837456255665,29.0
tcn,temporal_mean,squat,101001,0,57.333333333333336,1.0,25.0,10.0,4.666666666666667,0.6666666666666666,0.6282321810722351,0.23504717648029327,0.059572293112675305,0.17547488709290815,0.039895103623469604,0.1434214189648628,171.66666666666666
tcn,temporal_mean,squat,101001,1,57.333333333333336,0.0,25.0,8.0,0.0,0.8133333333333334,0.7910685141881307,-0.0039373191539197995,0.0005583194094166999,-0.004495638422667933,0.0019336000938588668,0.0128933826150993,171.66666666666666
tcn,temporal_mean,squat,101001,2,57.333333333333336,1.0,25.0,8.0,43.333333333333336,0.12,0.15144436558087662,-0.0038270682368116335,-0.0030927902941281,-0.0007342779426835,0.0015734925982542,0.006161031468460934,171.66666666666666
tcn,temporal_mean,squat,101001,3,57.333333333333336,0.0,25.0,8.0,0.0,0.8533333333333334,0.6855011383692423,0.0018595886261512,0.003213733046626,-0.0013541444204747434,0.0010676770277010666,0.006468565901741333,171.66666666666666
tcn,temporal_mean,squat,101001,4,57.333333333333336,0.0,25.0,6.0,0.0,0.8666666666666667,0.8350708683331808,0.0011161629615040667,0.003985546063631734,-0.0028693830439199333,0.0025981074431911002,0.0033079206477850333,171.66666666666666
tcn,temporal_mean,squat,101001,5,57.333333333333336,1.0,25.0,6.0,0.0,0.8666666666666667,0.694471021493276,-0.003509596688672867,0.00037498834232486657,-0.0038845849533875334,0.0021855492765704334,0.005617055265853766,171.66666666666666
tcn,zero,deadlift,0,0,57.333333333333336,0.0,69.0,12.0,0.0,0.5797101449275363,0.5894253253936768,-0.173457533121109,-0.07444606473048523,-0.09901146839062365,0.09310237318277358,0.17969472706317902,145.66666666666666
tcn,zero,deadlift,0,1,57.333333333333336,0.0,69.0,6.0,0.0,0.5700483091787439,0.5809341669082642,0.017276192083954766,0.032185091637074864,-0.014908899553120102,0.026193434993425968,0.014335762088497433,145.66666666666666
tcn,zero,deadlift,0,2,57.333333333333336,0.0,69.0,6.0,15.0,0.4202898550724638,0.46053581436475116,-0.015946356579661366,-0.021080974799891298,0.0051346185306707995,0.017279587996502668,0.026418040196100803,145.66666666666666
tcn,zero,deadlift,0,3,57.333333333333336,0.0,69.0,8.0,45.0,0.4734299516908213,0.4725113809108734,-0.007098676636815068,0.0024440179889400663,-0.009542694936196,0.021142972633242565,0.0332426453630129,145.66666666666666
tcn,zero,deadlift,0,4,57.333333333333336,0.0,69.0,6.0,0.0,0.7536231884057972,0.710914691289266,-0.005582242893675933,-0.015427862682069334,0.009845619710783167,0.029467932879924733,0.0268780173112948,145.66666666666666
tcn,zero,deadlift,10,0,57.333333333333336,0.0,66.0,12.0,2.0,0.41919191919191917,0.5273562669754028,-0.015427782355497235,-0.03856929046257083,0.02314150810707356,0.0262929691622654,0.056147504791927795,306.6666666666667
tcn,zero,deadlift,10,1,57.333333333333336,0.0,66.0,6.0,6.0,0.5050505050505051,0.510013739267985,0.01759005409743013,0.022260112821337868,-0.0046700587263331,0.006529299590814201,0.010584984163870067,306.6666666666667
tcn,zero,deadlift,10,2,57.333333333333336,0.0,66.0,6.0,30.0,0.30808080808080807,0.48069438338279724,-0.012784946389729148,-0.014927272951657236,0.0021423265619280626,0.0041338969507098665,0.016329410912779434,306.6666666666667
tcn,zero,deadlift,10,3,57.333333333333336,1.0,66.0,8.0,47.0,0.8383838383838383,0.5473376115163168,0.011060809697179666,0.011116243719394901,-5.543402221520006e-05,0.0042970755360632,0.0236248186071558,306.6666666666667
tcn,zero,deadlift,10,4,57.333333333333336,0.0,66.0,6.0,0.0,0.8787878787878788,0.646930992603302,-0.018863384999955633,-0.02214946745273964,0.003286082452783966,0.008685356161246667,0.014603884682098065,306.6666666666667
tcn,zero,deadlift,100,0,57.333333333333336,0.0,22.0,12.0,0.0,0.7272727272727272,0.6722769339879354,-0.1333004385232925,-0.022989104501903033,-0.11031133433183034,0.05955239261190091,0.11499732484420137,292.6666666666667
tcn,zero,deadlift,100,1,57.333333333333336,0.0,22.0,6.0,0.0,0.5,0.5183378557364146,0.0228533849779827,0.035753217215339334,-0.0128998328000307,0.0179794753591219,0.021472549065947467,292.6666666666667
tcn,zero,deadlift,100,2,57.333333333333336,1.0,22.0,6.0,54.0,0.3333333333333333,0.44910704096158344,0.018560330693920404,0.0231805307169755,-0.004620200023055067,0.010854072558383101,0.017717677478988902,292.6666666666667
tcn,zero,deadlift,100,3,57.333333333333336,0.0,22.0,8.0,33.0,0.4393939393939394,0.4385746618111928,-0.0160863983134428,-0.012323974166065399,-0.0037624241473774,0.008144616537416932,0.0294442332039276,292.6666666666667
tcn,zero,deadlift,100,4,57.333333333333336,0.0,22.0,6.0,5.0,0.8636363636363636,0.6222375830014547,-0.013353759267677833,-0.015024222200736367,0.0016704629330585666,0.009366143184403533,0.017850242865582233,292.6666666666667
tcn,zero,deadlift,110,0,57.333333333333336,0.0,33.0,12.0,0.0,0.8080808080808081,0.6353022257486979,0.0023728193094333,-0.022120467697580633,0.02449328762789567,0.03628543143471077,0.07334760141869383,224.66666666666666
tcn,zero,deadlift,110,1,57.333333333333336,0.0,33.0,6.0,7.0,0.8484848484848485,0.8218823472658793,0.0177085666606823,0.0343723061184088,-0.016663739457726433,0.010978445410728399,0.0214700925474365,224.66666666666666
tcn,zero,deadlift,110,2,57.333333333333336,1.0,33.0,6.0,53.0,0.6363636363636364,0.638988067706426,0.010950028896331766,0.0279946457594633,-0.0170446168631315,0.0117017421095321,0.0224373160550991,224.66666666666666
tcn,zero,deadlift,110,3,57.333333333333336,1.0,33.0,8.0,22.0,0.7070707070707071,0.5908783078193665,0.020349048078060133,0.034806696698069496,-0.014457648620009367,0.010269954955826168,0.04320608451962466,224.66666666666666
tcn,zero,deadlift,110,4,57.333333333333336,0.0,33.0,6.0,9.0,0.494949494949495,0.4992704391479492,-0.034900606299440036,-0.07253427803516381,0.0376336723566055,0.02180858670423423,0.02169883499542867,224.66666666666666
tcn,zero,deadlift,11110,0,57.333333333333336,1.0,10.0,12.0,1.0,0.3666666666666667,0.4105646510918935,0.20212566852569577,0.11948981384436287,0.08263585468133287,0.09405090908209478,0.07810318470001217,226.66666666666666
tcn,zero,deadlift,11110,1,57.333333333333336,1.0,10.0,6.0,1.0,0.0,0.04629170211652913,0.018102590033474,-0.014779531644307967,0.03288212150800967,0.030103216723849368,0.023544363056619902,226.66666666666666
tcn,zero,deadlift,11110,2,57.333333333333336,1.0,10.0,6.0,0.0,0.20000000000000004,0.30694397787253064,0.027246621747811565,0.03793579712510107,-0.010689175377289433,0.0157837659741441,0.0301091261208057,226.66666666666666
tcn,zero,deadlift,11110,3,57.333333333333336,1.0,10.0,8.0,0.0,0.7000000000000001,0.6046325961748759,-0.06248416254917777,-0.0348693231741587,-0.027614839375019032,0.019922184757888265,0.03520556477208927,226.66666666666666
tcn,zero,deadlift,11110,4,57.333333333333336,0.0,10.0,6.0,0.0,1.0,0.9898231426874796,-0.007905475310205133,-0.004205453575802167,-0.0037000217319776,0.003052836303443867,0.03786470865209896,226.66666666666666
tcn,zero,squat,0,0,57.333333333333336,0.0,17.0,10.0,0.3333333333333333,0.29411764705882354,0.4029198984305064,-0.08632216602563852,-0.05323401031394794,-0.033088155711690534,0.06701136504610376,0.16345007717609403,121.66666666666667
tcn,zero,squat,0,1,57.333333333333336,0.0,17.0,8.0,0.0,0.784313725490196,0.6808235545953115,-0.03377044014632696,-0.02190803115566567,-0.011862408990661301,0.012804240764429134,0.027422637989123633,121.66666666666667
tcn,zero,squat,0,2,57.333333333333336,0.0,17.0,8.0,3.0,0.5882352941176471,0.5498168766498566,0.004119520386060099,0.018592860860129165,-0.014473340784509936,0.023583916636804664,0.020275842398405033,121.66666666666667
tcn,zero,squat,0,3,57.333333333333336,0.0,17.0,8.0,5.0,0.7450980392156863,0.5801519850889841,-0.021482955450968164,-0.025069715144733568,0.0035867597907781336,0.014493014042576134,0.022935323727627566,121.66666666666667
tcn,zero,squat,0,4,57.333333333333336,0.0,17.0,6.0,5.0,1.0,0.9471027255058289,0.0014016709756106,0.0042471226212607354,-0.0028454515074069,0.007887467024071733,0.0178601266816258,121.66666666666667
tcn,zero,squat,0,5,57.333333333333336,0.0,17.0,6.0,38.666666666666664,0.0,0.21672707796096802,0.003486413547458733,0.007874441953996801,-0.004388028445343166,0.008771705130735967,0.014341029959420333,121.66666666666667
tcn,zero,squat,1,0,57.333333333333336,0.0,55.0,10.0,43.333333333333336,0.3636363636363636,0.4369244376818339,-0.0784051790833473,-0.09480614836017287,0.016400968035062174,0.10130203266938524,0.1891530354817708,125.33333333333333
tcn,zero,squat,1,1,57.333333333333336,0.0,55.0,8.0,0.0,0.7757575757575758,0.6453597744305929,-0.03802382449309027,-0.034982772854467166,-0.003041051638623066,0.019442660113175702,0.03985955441991484,125.33333333333333
tcn,zero,squat,1,2,57.333333333333336,0.0,55.0,8.0,7.0,0.4424242424242424,0.4985323945681254,-0.011477332678623503,-0.005124379415065033,-0.0063529532635584335,0.023804672062396934,0.03597800681988393,125.33333333333333
tcn,zero,squat,1,3,57.333333333333336,0.0,55.0,8.0,21.0,0.6969696969696969,0.538672665754954,-0.0354775531838337,-0.0265878615900874,-0.0088896912833055,0.01565626387794807,0.031641004607081365,125.33333333333333
tcn,zero,squat,1,4,57.333333333333336,0.0,55.0,6.0,0.0,0.8484848484848485,0.7999740839004517,0.018902463450406932,0.0232846300738553,-0.004382166545838133,0.0185379177952806,0.022443758013347765,125.33333333333333
tcn,zero,squat,1,5,57.333333333333336,1.0,55.0,6.0,6.666666666666667,0.8727272727272727,0.6741618116696676,0.0014382901911934333,-0.005630787306775668,0.0070690771875282,0.007737772694478368,0.022995730241139666,125.33333333333333
tcn,zero,squat,101,0,57.333333333333336,0.0,22.0,10.0,28.666666666666668,0.6060606060606061,0.6054484248161316,0.06244953845938043,-0.12933439264694843,0.19178393483161923,0.08324957390626267,0.13202590992053345,140.0
tcn,zero,squat,101,1,57.333333333333336,0.0,22.0,8.0,10.0,0.4393939393939394,0.44123852252960205,-0.008542838816841434,0.019480947560320233,-0.028023786842823,0.041600719094276366,0.03907258311907447,140.0
tcn,zero,squat,101,2,57.333333333333336,0.0,22.0,8.0,0.0,0.7727272727272728,0.6917901833852133,-0.027772616595029765,-0.0190054038539529,-0.008767212430636067,0.0236329597731431,0.030498020971814768,140.0
tcn,zero,squat,101,3,57.333333333333336,1.0,22.0,8.0,40.0,0.6060606060606061,0.5955305298169454,-0.017388418239230867,-0.07304264977574343,0.05565423021713886,0.0350620131939649,0.031111646443605367,140.0
tcn,zero,squat,101,4,57.333333333333336,0.0,22.0,6.0,0.0,0.9696969696969697,0.9149510463078817,0.005334895691097134,0.031434155690173264,-0.0260992599651217,0.022533308714628164,0.02793596374491847,140.0
tcn,zero,squat,101,5,57.333333333333336,1.0,22.0,6.0,5.0,0.6818181818181818,0.5796053608258566,-0.019283710668484364,-0.07014514133334153,0.05086142942309373,0.022952626459300466,0.015102853377660068,140.0
tcn,zero,squat,10101,0,57.333333333333336,0.0,15.0,10.0,1.6666666666666667,0.5333333333333333,0.5432732999324799,0.11352014355361457,-0.10332493313277763,0.21684508662049964,0.14757607566813624,0.21437611182530714,31.0
tcn,zero,squat,10101,1,57.333333333333336,1.0,15.0,8.0,15.333333333333334,0.4444444444444444,0.40810900926589966,-0.027856972999870697,-0.02363060538967447,-0.004226367610196233,0.028310301403204563,0.0650718382870157,31.0
tcn,zero,squat,10101,2,57.333333333333336,0.0,15.0,8.0,5.333333333333333,0.9111111111111111,0.8128107984860738,-0.010303249446830401,0.005542830137225468,-0.015846079428835435,0.011073944197657165,0.048386536849041734,31.0
tcn,zero,squat,10101,3,57.333333333333336,1.0,15.0,8.0,0.0,0.7111111111111111,0.6181481182575226,-0.0334902546989421,0.008197134050230198,-0.04168739045659703,0.03394560764233267,0.03742624570926023,31.0
tcn,zero,squat,10101,4,57.333333333333336,0.0,15.0,6.0,0.0,0.8444444444444444,0.8136980533599854,0.0031929837229351336,0.0667018347109357,-0.06350884834925333,0.028429792883495467,0.029910943470895266,31.0
tcn,zero,squat,10101,5,57.333333333333336,1.0,15.0,6.0,5.0,0.6888888888888888,0.5544386208057404,-0.0293975562478105,0.005720774332682299,-0.03511833058049283,0.022849013873686333,0.0302403727546334,31.0
tcn,zero,squat,100001,0,57.333333333333336,1.0,52.0,10.0,42.333333333333336,0.717948717948718,0.618830680847168,0.041246941934029266,0.12471243708084023,-0.08346549545725179,0.10705579072237013,0.2025259708364804,26.333333333333332
tcn,zero,squat,100001,1,57.333333333333336,0.0,52.0,8.0,0.0,0.6666666666666666,0.6283892492453257,-0.018296712699035735,-0.0005987461966772998,-0.017697966347138067,0.016757618946333666,0.023504021267096133,26.333333333333332
tcn,zero,squat,100001,2,57.333333333333336,0.0,52.0,8.0,18.333333333333332,0.6282051282051282,0.6142533818880717,-0.010275113784397565,-0.016037778152773734,0.0057626643683761,0.012559584341943235,0.028827844808498967,26.333333333333332
tcn,zero,squat,100001,3,57.333333333333336,0.0,52.0,8.0,29.666666666666668,0.31410256410256404,0.34813539187113435,0.02101032187541323,0.048836223781108835,-0.027825901905695533,0.012791749245176634,0.023591314752896598,26.333333333333332
tcn,zero,squat,100001,4,57.333333333333336,0.0,52.0,6.0,1.6666666666666667,0.9038461538461539,0.8707104722658793,0.002796597274330733,0.011039497291979635,-0.008242900328089766,0.011084444898491032,0.0226370540137092,26.333333333333332
tcn,zero,squat,100001,5,57.333333333333336,1.0,52.0,6.0,1.0,0.8076923076923076,0.6646653811136881,-0.009230337416132267,-0.023308481167380966,0.014078143130366932,0.008498651441186634,0.015962040983140434,26.333333333333332
tcn,zero,squat,100101,0,57.333333333333336,1.0,36.0,10.0,17.0,0.7407407407407408,0.7003605564435323,0.03536187050243217,0.049462561806042936,-0.0141006919244925,0.12245698769887282,0.1855463236570358,29.0
tcn,zero,squat,100101,1,57.333333333333336,0.0,36.0,8.0,0.3333333333333333,0.9537037037037037,0.880661686261495,-0.007892798244332233,0.0211259539549549,-0.029018752587338232,0.0182867754871646,0.0353163387626409,29.0
tcn,zero,squat,100101,2,57.333333333333336,0.0,36.0,8.0,0.0,0.7870370370370371,0.687656581401825,-0.017820285477985868,-0.014316522826751069,-0.0035037628064553002,0.019461355792979366,0.016785847023129432,29.0
tcn,zero,squat,100101,3,57.333333333333336,1.0,36.0,8.0,44.666666666666664,0.09259259259259252,0.12874990453322724,0.014898328265796066,-0.0022593886436273664,0.017157716987033635,0.018464611998448732,0.0192066449671983,29.0
tcn,zero,squat,100101,4,57.333333333333336,0.0,36.0,6.0,0.0,0.8148148148148149,0.7879203955332438,0.0181247477109233,0.0255353674292564,-0.007410619718333067,0.012657877678672469,0.012616390051941033,29.0
tcn,zero,squat,100101,5,57.333333333333336,1.0,36.0,6.0,0.0,0.9074074074074074,0.7625357707341512,0.002379837911576033,0.0039472389422978,-0.0015674013023575333,0.0134207131341099,0.0171315241605043,29.0
tcn,zero,squat,101001,0,57.333333333333336,1.0,25.0,10.0,4.666666666666667,0.6666666666666666,0.6282321810722351,0.19995454450448347,0.1678022096554438,0.032152334849039704,0.10193298757076259,0.31876539687315625,171.66666666666666
tcn,zero,squat,101001,1,57.333333333333336,0.0,25.0,8.0,0.0,0.8133333333333334,0.7910685141881307,-0.02959286235272877,-0.008788962421628266,-0.020803899038583033,0.021605419615904467,0.043817655493815666,171.66666666666666
tcn,zero,squat,101001,2,57.333333333333336,1.0,25.0,8.0,43.333333333333336,0.12,0.15144436558087662,-0.0069911506337424,-0.0041699248055617,-0.002821225672960266,0.009879386362930133,0.031115420162677734,171.66666666666666
tcn,zero,squat,101001,3,57.333333333333336,0.0,25.0,8.0,0.0,0.8533333333333334,0.6855011383692423,-0.010307131335139266,0.014326912350952634,-0.024634043996532698,0.021586099949975734,0.028728922208150168,171.66666666666666
tcn,zero,squat,101001,4,57.333333333333336,0.0,25.0,6.0,0.0,0.8666666666666667,0.8350708683331808,0.009924007269243367,0.0244736683865388,-0.014549661117295366,0.0173833323642611,0.017632765074570966,171.66666666666666
tcn,zero,squat,101001,5,57.333333333333336,1.0,25.0,6.0,0.0,0.8666666666666667,0.694471021493276,-0.011296169211467068,-0.0229173861443996,0.011621216932932533,0.0096661468657354,0.0196697351833184,171.66666666666666
