model,exercise,target,seed,split,metric,value
fact,deadlift,00000,123,val,macro_f1,0.5618624338624338
fact,deadlift,00000,123,val,micro_f1,0.6447368421052632
fact,deadlift,00000,123,val,bit_accuracy,0.6823529411764706
fact,deadlift,00000,123,val,exact_match,0.11764705882352941
fact,deadlift,00000,123,test,macro_f1,0.0
fact,deadlift,00000,123,test,micro_f1,0.0
fact,deadlift,00000,123,test,bit_accuracy,0.5362318840579711
fact,deadlift,00000,123,test,exact_match,0.0
fact,deadlift,00000,42,val,macro_f1,0.5021357257878997
fact,deadlift,00000,42,val,micro_f1,0.5945945945945946
fact,deadlift,00000,42,val,bit_accuracy,0.6470588235294118
fact,deadlift,00000,42,val,exact_match,0.11764705882352941
fact,deadlift,00000,42,test,macro_f1,0.0
fact,deadlift,00000,42,test,micro_f1,0.0
fact,deadlift,00000,42,test,bit_accuracy,0.5884057971014492
fact,deadlift,00000,42,test,exact_match,0.014492753623188406
fact,deadlift,00000,7,val,macro_f1,0.5120404876926615
fact,deadlift,00000,7,val,micro_f1,0.5972222222222222
fact,deadlift,00000,7,val,bit_accuracy,0.6588235294117647
fact,deadlift,00000,7,val,exact_match,0.08823529411764706
fact,deadlift,00000,7,test,macro_f1,0.0
fact,deadlift,00000,7,test,micro_f1,0.0
fact,deadlift,00000,7,test,bit_accuracy,0.5826086956521739
fact,deadlift,00000,7,test,exact_match,0.028985507246376812
fact,deadlift,00010,123,val,macro_f1,0.5299067880589619
fact,deadlift,00010,123,val,micro_f1,0.5465116279069767
fact,deadlift,00010,123,val,bit_accuracy,0.6
fact,deadlift,00010,123,val,exact_match,0.20512820512820512
fact,deadlift,00010,123,test,macro_f1,0.1411764705882353
fact,deadlift,00010,123,test,micro_f1,0.32
fact,deadlift,00010,123,test,bit_accuracy,0.5363636363636364
fact,deadlift,00010,123,test,exact_match,0.0
fact,deadlift,00010,42,val,macro_f1,0.5097069365380561
fact,deadlift,00010,42,val,micro_f1,0.525
fact,deadlift,00010,42,val,bit_accuracy,0.6102564102564103
fact,deadlift,00010,42,val,exact_match,0.15384615384615385
fact,deadlift,00010,42,test,macro_f1,0.15327102803738318
fact,deadlift,00010,42,test,micro_f1,0.3923444976076555
fact,deadlift,00010,42,test,bit_accuracy,0.6151515151515151
fact,deadlift,00010,42,test,exact_match,0.0
fact,deadlift,00010,7,val,macro_f1,0.5286587846427663
fact,deadlift,00010,7,val,micro_f1,0.5454545454545454
fact,deadlift,00010,7,val,bit_accuracy,0.6666666666666666
fact,deadlift,00010,7,val,exact_match,0.07692307692307693
fact,deadlift,00010,7,test,macro_f1,0.15094339622641512
fact,deadlift,00010,7,test,micro_f1,0.3864734299516908
fact,deadlift,00010,7,test,bit_accuracy,0.6151515151515151
fact,deadlift,00010,7,test,exact_match,0.015151515151515152
fact,deadlift,00100,123,val,macro_f1,0.42214230214230214
fact,deadlift,00100,123,val,micro_f1,0.56353591160221
fact,deadlift,00100,123,val,bit_accuracy,0.6638297872340425
fact,deadlift,00100,123,val,exact_match,0.1276595744680851
fact,deadlift,00100,123,test,macro_f1,0.13333333333333333
fact,deadlift,00100,123,test,micro_f1,0.36666666666666664
fact,deadlift,00100,123,test,bit_accuracy,0.6545454545454545
fact,deadlift,00100,123,test,exact_match,0.045454545454545456
fact,deadlift,00100,42,val,macro_f1,0.4899641148325359
fact,deadlift,00100,42,val,micro_f1,0.5632183908045977
fact,deadlift,00100,42,val,bit_accuracy,0.676595744680851
fact,deadlift,00100,42,val,exact_match,0.14893617021276595
fact,deadlift,00100,42,test,macro_f1,0.15555555555555556
fact,deadlift,00100,42,test,micro_f1,0.3888888888888889
fact,deadlift,00100,42,test,bit_accuracy,0.6
fact,deadlift,00100,42,test,exact_match,0.0
fact,deadlift,00100,7,val,macro_f1,0.44044444444444436
fact,deadlift,00100,7,val,micro_f1,0.5766871165644172
fact,deadlift,00100,7,val,bit_accuracy,0.7063829787234043
fact,deadlift,00100,7,val,exact_match,0.10638297872340426
fact,deadlift,00100,7,test,macro_f1,0.10666666666666666
fact,deadlift,00100,7,test,micro_f1,0.2857142857142857
fact,deadlift,00100,7,test,bit_accuracy,0.6363636363636364
fact,deadlift,00100,7,test,exact_match,0.0
fact,deadlift,00110,123,val,macro_f1,0.5398086500926722
fact,deadlift,00110,123,val,micro_f1,0.5233644859813084
fact,deadlift,00110,123,val,bit_accuracy,0.7875
fact,deadlift,00110,123,val,exact_match,0.2916666666666667
fact,deadlift,00110,123,test,macro_f1,0.2321924144310823
fact,deadlift,00110,123,test,micro_f1,0.4462809917355372
fact,deadlift,00110,123,test,bit_accuracy,0.593939393939394
fact,deadlift,00110,123,test,exact_match,0.030303030303030304
fact,deadlift,00110,42,val,macro_f1,0.5076402116402117
fact,deadlift,00110,42,val,micro_f1,0.5352112676056338
fact,deadlift,00110,42,val,bit_accuracy,0.725
fact,deadlift,00110,42,val,exact_match,0.125
fact,deadlift,00110,42,test,macro_f1,0.2711538461538462
fact,deadlift,00110,42,test,micro_f1,0.576271186440678
fact,deadlift,00110,42,test,bit_accuracy,0.696969696969697
fact,deadlift,00110,42,test,exact_match,0.09090909090909091
fact,deadlift,00110,7,val,macro_f1,0.5092169312169312
fact,deadlift,00110,7,val,micro_f1,0.5588235294117647
fact,deadlift,00110,7,val,bit_accuracy,0.75
fact,deadlift,00110,7,val,exact_match,0.22916666666666666
fact,deadlift,00110,7,test,macro_f1,0.2700923323966279
fact,deadlift,00110,7,test,micro_f1,0.6017699115044248
fact,deadlift,00110,7,test,bit_accuracy,0.7272727272727273
fact,deadlift,00110,7,test,exact_match,0.030303030303030304
fact,deadlift,11110,123,val,macro_f1,0.4929501172285552
fact,deadlift,11110,123,val,micro_f1,0.6220095693779905
fact,deadlift,11110,123,val,bit_accuracy,0.6961538461538461
fact,deadlift,11110,123,val,exact_match,0.11538461538461539
fact,deadlift,11110,123,test,macro_f1,0.524089068825911
fact,deadlift,11110,123,test,micro_f1,0.6885245901639344
fact,deadlift,11110,123,test,bit_accuracy,0.62
fact,deadlift,11110,123,test,exact_match,0.1
fact,deadlift,11110,42,val,macro_f1,0.4995484106686153
fact,deadlift,11110,42,val,micro_f1,0.6285714285714286
fact,deadlift,11110,42,val,bit_accuracy,0.7
fact,deadlift,11110,42,val,exact_match,0.1346153846153846
fact,deadlift,11110,42,test,macro_f1,0.39444444444444443
fact,deadlift,11110,42,test,micro_f1,0.5714285714285714
fact,deadlift,11110,42,test,bit_accuracy,0.52
fact,deadlift,11110,42,test,exact_match,0.0
fact,deadlift,11110,7,val,macro_f1,0.48294970161977835
fact,deadlift,11110,7,val,micro_f1,0.5888324873096447
fact,deadlift,11110,7,val,bit_accuracy,0.6884615384615385
fact,deadlift,11110,7,val,exact_match,0.1346153846153846
fact,deadlift,11110,7,test,macro_f1,0.2808080808080808
fact,deadlift,11110,7,test,micro_f1,0.43137254901960786
fact,deadlift,11110,7,test,bit_accuracy,0.42
fact,deadlift,11110,7,test,exact_match,0.0
fact,squat,000000,123,val,macro_f1,0.7077318760331904
fact,squat,000000,123,val,micro_f1,0.7874015748031497
fact,squat,000000,123,val,bit_accuracy,0.8333333333333334
fact,squat,000000,123,val,exact_match,0.4444444444444444
fact,squat,000000,123,test,macro_f1,0.0
fact,squat,000000,123,test,micro_f1,0.0
fact,squat,000000,123,test,bit_accuracy,0.6568627450980392
fact,squat,000000,123,test,exact_match,0.0
fact,squat,000000,42,val,macro_f1,0.6614242967434457
fact,squat,000000,42,val,micro_f1,0.754325259515571
fact,squat,000000,42,val,bit_accuracy,0.7808641975308642
fact,squat,000000,42,val,exact_match,0.18518518518518517
fact,squat,000000,42,test,macro_f1,0.0
fact,squat,000000,42,test,micro_f1,0.0
fact,squat,000000,42,test,bit_accuracy,0.5686274509803921
fact,squat,000000,42,test,exact_match,0.0
fact,squat,000000,7,val,macro_f1,0.635136272962808
fact,squat,000000,7,val,micro_f1,0.7472527472527473
fact,squat,000000,7,val,bit_accuracy,0.7870370370370371
fact,squat,000000,7,val,exact_match,0.2037037037037037
fact,squat,000000,7,test,macro_f1,0.0
fact,squat,000000,7,test,micro_f1,0.0
fact,squat,000000,7,test,bit_accuracy,0.5784313725490197
fact,squat,000000,7,test,exact_match,0.0
fact,squat,000001,123,val,macro_f1,0.6239456385682801
fact,squat,000001,123,val,micro_f1,0.6844444444444444
fact,squat,000001,123,val,bit_accuracy,0.7585034013605442
fact,squat,000001,123,val,exact_match,0.2857142857142857
fact,squat,000001,123,test,macro_f1,0.0676328502415459
fact,squat,000001,123,test,micro_f1,0.18666666666666668
fact,squat,000001,123,test,bit_accuracy,0.6303030303030303
fact,squat,000001,123,test,exact_match,0.0
fact,squat,000001,42,val,macro_f1,0.6316714150047482
fact,squat,000001,42,val,micro_f1,0.6666666666666666
fact,squat,000001,42,val,bit_accuracy,0.7312925170068028
fact,squat,000001,42,val,exact_match,0.1836734693877551
fact,squat,000001,42,test,macro_f1,0.1651376146788991
fact,squat,000001,42,test,micro_f1,0.5869565217391305
fact,squat,000001,42,test,bit_accuracy,0.7696969696969697
fact,squat,000001,42,test,exact_match,0.07272727272727272
fact,squat,000001,7,val,macro_f1,0.6782748670056499
fact,squat,000001,7,val,micro_f1,0.7301587301587301
fact,squat,000001,7,val,bit_accuracy,0.7687074829931972
fact,squat,000001,7,val,exact_match,0.2653061224489796
fact,squat,000001,7,test,macro_f1,0.13620071684587814
fact,squat,000001,7,test,micro_f1,0.40425531914893614
fact,squat,000001,7,test,bit_accuracy,0.6606060606060606
fact,squat,000001,7,test,exact_match,0.01818181818181818
fact,squat,000101,123,val,macro_f1,0.6158639025452378
fact,squat,000101,123,val,micro_f1,0.7068965517241379
fact,squat,000101,123,val,bit_accuracy,0.7901234567901234
fact,squat,000101,123,val,exact_match,0.2037037037037037
fact,squat,000101,123,test,macro_f1,0.24677419354838712
fact,squat,000101,123,test,micro_f1,0.72
fact,squat,000101,123,test,bit_accuracy,0.8409090909090909
fact,squat,000101,123,test,exact_match,0.13636363636363635
fact,squat,000101,42,val,macro_f1,0.586144555033444
fact,squat,000101,42,val,micro_f1,0.6635071090047393
fact,squat,000101,42,val,bit_accuracy,0.7808641975308642
fact,squat,000101,42,val,exact_match,0.16666666666666666
fact,squat,000101,42,test,macro_f1,0.19163292847503374
fact,squat,000101,42,test,micro_f1,0.5970149253731343
fact,squat,000101,42,test,bit_accuracy,0.7954545454545454
fact,squat,000101,42,test,exact_match,0.0
fact,squat,000101,7,val,macro_f1,0.6294852101303713
fact,squat,000101,7,val,micro_f1,0.7089552238805971
fact,squat,000101,7,val,bit_accuracy,0.7592592592592593
fact,squat,000101,7,val,exact_match,0.24074074074074073
fact,squat,000101,7,test,macro_f1,0.19999999999999998
fact,squat,000101,7,test,micro_f1,0.4810126582278481
fact,squat,000101,7,test,bit_accuracy,0.6893939393939394
fact,squat,000101,7,test,exact_match,0.0
fact,squat,010101,123,val,macro_f1,0.6080628587256258
fact,squat,010101,123,val,micro_f1,0.6614173228346457
fact,squat,010101,123,val,bit_accuracy,0.7393939393939394
fact,squat,010101,123,val,exact_match,0.3090909090909091
fact,squat,010101,123,test,macro_f1,0.3201754385964912
fact,squat,010101,123,test,micro_f1,0.5925925925925926
fact,squat,010101,123,test,bit_accuracy,0.6333333333333333
fact,squat,010101,123,test,exact_match,0.2
fact,squat,010101,42,val,macro_f1,0.6734403834707678
fact,squat,010101,42,val,micro_f1,0.7071428571428572
fact,squat,010101,42,val,bit_accuracy,0.7515151515151515
fact,squat,010101,42,val,exact_match,0.23636363636363636
fact,squat,010101,42,test,macro_f1,0.25213675213675213
fact,squat,010101,42,test,micro_f1,0.4594594594594595
fact,squat,010101,42,test,bit_accuracy,0.5555555555555556
fact,squat,010101,42,test,exact_match,0.06666666666666667
fact,squat,010101,7,val,macro_f1,0.6586264007523087
fact,squat,010101,7,val,micro_f1,0.696
fact,squat,010101,7,val,bit_accuracy,0.7696969696969697
fact,squat,010101,7,val,exact_match,0.2
fact,squat,010101,7,test,macro_f1,0.24425287356321843
fact,squat,010101,7,test,micro_f1,0.5066666666666667
fact,squat,010101,7,test,bit_accuracy,0.5888888888888889
fact,squat,010101,7,test,exact_match,0.0
fact,squat,100001,123,val,macro_f1,0.6249542875178485
fact,squat,100001,123,val,micro_f1,0.6904761904761905
fact,squat,100001,123,val,bit_accuracy,0.74
fact,squat,100001,123,val,exact_match,0.08
fact,squat,100001,123,test,macro_f1,0.2681465821000705
fact,squat,100001,123,test,micro_f1,0.5907172995780591
fact,squat,100001,123,test,bit_accuracy,0.6891025641025641
fact,squat,100001,123,test,exact_match,0.15384615384615385
fact,squat,100001,42,val,macro_f1,0.665012607531789
fact,squat,100001,42,val,micro_f1,0.7215686274509804
fact,squat,100001,42,val,bit_accuracy,0.7633333333333333
fact,squat,100001,42,val,exact_match,0.14
fact,squat,100001,42,test,macro_f1,0.2590990990990991
fact,squat,100001,42,test,micro_f1,0.5907172995780591
fact,squat,100001,42,test,bit_accuracy,0.6891025641025641
fact,squat,100001,42,test,exact_match,0.21153846153846154
fact,squat,100001,7,val,macro_f1,0.6010740430205591
fact,squat,100001,7,val,micro_f1,0.6821705426356589
fact,squat,100001,7,val,bit_accuracy,0.7266666666666667
fact,squat,100001,7,val,exact_match,0.18
fact,squat,100001,7,test,macro_f1,0.3073397780164698
fact,squat,100001,7,test,micro_f1,0.7672413793103449
fact,squat,100001,7,test,bit_accuracy,0.8269230769230769
fact,squat,100001,7,test,exact_match,0.34615384615384615
fact,squat,100101,123,val,macro_f1,0.48418765993478635
fact,squat,100101,123,val,micro_f1,0.5764192139737991
fact,squat,100101,123,val,bit_accuracy,0.6766666666666666
fact,squat,100101,123,val,exact_match,0.18
fact,squat,100101,123,test,macro_f1,0.44754746322814754
fact,squat,100101,123,test,micro_f1,0.7457627118644068
fact,squat,100101,123,test,bit_accuracy,0.7222222222222222
fact,squat,100101,123,test,exact_match,0.1111111111111111
fact,squat,100101,42,val,macro_f1,0.47415975612906563
fact,squat,100101,42,val,micro_f1,0.5410628019323671
fact,squat,100101,42,val,bit_accuracy,0.6833333333333333
fact,squat,100101,42,val,exact_match,0.18
fact,squat,100101,42,test,macro_f1,0.4149396765637033
fact,squat,100101,42,test,micro_f1,0.7162790697674418
fact,squat,100101,42,test,bit_accuracy,0.7175925925925926
fact,squat,100101,42,test,exact_match,0.0
fact,squat,100101,7,val,macro_f1,0.5812538910364998
fact,squat,100101,7,val,micro_f1,0.6451612903225806
fact,squat,100101,7,val,bit_accuracy,0.7066666666666667
fact,squat,100101,7,val,exact_match,0.2
fact,squat,100101,7,test,macro_f1,0.39849333056880226
fact,squat,100101,7,test,micro_f1,0.7373737373737373
fact,squat,100101,7,test,bit_accuracy,0.7592592592592593
fact,squat,100101,7,test,exact_match,0.1388888888888889
fact,squat,101001,123,val,macro_f1,0.5755080524449248
fact,squat,101001,123,val,micro_f1,0.6636771300448431
fact,squat,101001,123,val,bit_accuracy,0.7685185185185185
fact,squat,101001,123,val,exact_match,0.2962962962962963
fact,squat,101001,123,test,macro_f1,0.3082022818378045
fact,squat,101001,123,test,micro_f1,0.6564885496183206
fact,squat,101001,123,test,bit_accuracy,0.7
fact,squat,101001,123,test,exact_match,0.0
fact,squat,101001,42,val,macro_f1,0.6340297652733985
fact,squat,101001,42,val,micro_f1,0.6947368421052632
fact,squat,101001,42,val,bit_accuracy,0.7363636363636363
fact,squat,101001,42,val,exact_match,0.07272727272727272
fact,squat,101001,42,test,macro_f1,0.39189691027926327
fact,squat,101001,42,test,micro_f1,0.6496815286624203
fact,squat,101001,42,test,bit_accuracy,0.6333333333333333
fact,squat,101001,42,test,exact_match,0.04
fact,squat,101001,7,val,macro_f1,0.586024709585217
fact,squat,101001,7,val,micro_f1,0.6795366795366795
fact,squat,101001,7,val,bit_accuracy,0.7484848484848485
fact,squat,101001,7,val,exact_match,0.2545454545454545
fact,squat,101001,7,test,macro_f1,0.35219916090133646
fact,squat,101001,7,test,micro_f1,0.6717557251908397
fact,squat,101001,7,test,bit_accuracy,0.7133333333333334
fact,squat,101001,7,test,exact_match,0.0
gru,deadlift,00000,123,val,macro_f1,0.5481599536366271
gru,deadlift,00000,123,val,micro_f1,0.625
gru,deadlift,00000,123,val,bit_accuracy,0.6823529411764706
gru,deadlift,00000,123,val,exact_match,0.058823529411764705
gru,deadlift,00000,123,test,macro_f1,0.0
gru,deadlift,00000,123,test,micro_f1,0.0
gru,deadlift,00000,123,test,bit_accuracy,0.5855072463768116
gru,deadlift,00000,123,test,exact_match,0.0
gru,deadlift,00000,42,val,macro_f1,0.5590596070596071
gru,deadlift,00000,42,val,micro_f1,0.6344827586206897
gru,deadlift,00000,42,val,bit_accuracy,0.6882352941176471
gru,deadlift,00000,42,val,exact_match,0.029411764705882353
gru,deadlift,00000,42,test,macro_f1,0.0
gru,deadlift,00000,42,test,micro_f1,0.0
gru,deadlift,00000,42,test,bit_accuracy,0.553623188405797
gru,deadlift,00000,42,test,exact_match,0.0
gru,deadlift,00000,7,val,macro_f1,0.5683361959677748
gru,deadlift,00000,7,val,micro_f1,0.6370370370370371
gru,deadlift,00000,7,val,bit_accuracy,0.711764705882353
gru,deadlift,00000,7,val,exact_match,0.20588235294117646
gru,deadlift,00000,7,test,macro_f1,0.0
gru,deadlift,00000,7,test,micro_f1,0.0
gru,deadlift,00000,7,test,bit_accuracy,0.6173913043478261
gru,deadlift,00000,7,test,exact_match,0.0
gru,deadlift,00010,123,val,macro_f1,0.3189093028515754
gru,deadlift,00010,123,val,micro_f1,0.3870967741935484
gru,deadlift,00010,123,val,bit_accuracy,0.4153846153846154
gru,deadlift,00010,123,val,exact_match,0.05128205128205128
gru,deadlift,00010,123,test,macro_f1,0.136
gru,deadlift,00010,123,test,micro_f1,0.23943661971830985
gru,deadlift,00010,123,test,bit_accuracy,0.34545454545454546
gru,deadlift,00010,123,test,exact_match,0.0
gru,deadlift,00010,42,val,macro_f1,0.2748114630467572
gru,deadlift,00010,42,val,micro_f1,0.2777777777777778
gru,deadlift,00010,42,val,bit_accuracy,0.4666666666666667
gru,deadlift,00010,42,val,exact_match,0.02564102564102564
gru,deadlift,00010,42,test,macro_f1,0.17043478260869566
gru,deadlift,00010,42,test,micro_f1,0.4434389140271493
gru,deadlift,00010,42,test,bit_accuracy,0.6272727272727273
gru,deadlift,00010,42,test,exact_match,0.015151515151515152
gru,deadlift,00010,7,val,macro_f1,0.42682275027400135
gru,deadlift,00010,7,val,micro_f1,0.5154639175257731
gru,deadlift,00010,7,val,bit_accuracy,0.517948717948718
gru,deadlift,00010,7,val,exact_match,0.1794871794871795
gru,deadlift,00010,7,test,macro_f1,0.17043478260869566
gru,deadlift,00010,7,test,micro_f1,0.3643122676579926
gru,deadlift,00010,7,test,bit_accuracy,0.4818181818181818
gru,deadlift,00010,7,test,exact_match,0.0
gru,deadlift,00100,123,val,macro_f1,0.3719230769230769
gru,deadlift,00100,123,val,micro_f1,0.41830065359477125
gru,deadlift,00100,123,val,bit_accuracy,0.6212765957446809
gru,deadlift,00100,123,val,exact_match,0.0425531914893617
gru,deadlift,00100,123,test,macro_f1,0.048
gru,deadlift,00100,123,test,micro_f1,0.07407407407407407
gru,deadlift,00100,123,test,bit_accuracy,0.3181818181818182
gru,deadlift,00100,123,test,exact_match,0.0
gru,deadlift,00100,42,val,macro_f1,0.33810149369921666
gru,deadlift,00100,42,val,micro_f1,0.5408163265306123
gru,deadlift,00100,42,val,bit_accuracy,0.6170212765957447
gru,deadlift,00100,42,val,exact_match,0.0425531914893617
gru,deadlift,00100,42,test,macro_f1,0.09655172413793103
gru,deadlift,00100,42,test,micro_f1,0.1917808219178082
gru,deadlift,00100,42,test,bit_accuracy,0.4636363636363636
gru,deadlift,00100,42,test,exact_match,0.0
gru,deadlift,00100,7,val,macro_f1,0.33104664153051255
gru,deadlift,00100,7,val,micro_f1,0.47297297297297297
gru,deadlift,00100,7,val,bit_accuracy,0.6680851063829787
gru,deadlift,00100,7,val,exact_match,0.10638297872340426
gru,deadlift,00100,7,test,macro_f1,0.08571428571428572
gru,deadlift,00100,7,test,micro_f1,0.1643835616438356
gru,deadlift,00100,7,test,bit_accuracy,0.44545454545454544
gru,deadlift,00100,7,test,exact_match,0.0
gru,deadlift,00110,123,val,macro_f1,0.3462209302325582
gru,deadlift,00110,123,val,micro_f1,0.37333333333333335
gru,deadlift,00110,123,val,bit_accuracy,0.6083333333333333
gru,deadlift,00110,123,val,exact_match,0.041666666666666664
gru,deadlift,00110,123,test,macro_f1,0.3017094017094017
gru,deadlift,00110,123,test,micro_f1,0.6060606060606061
gru,deadlift,00110,123,test,bit_accuracy,0.6848484848484848
gru,deadlift,00110,123,test,exact_match,0.0
gru,deadlift,00110,42,val,macro_f1,0.33965601965601966
gru,deadlift,00110,42,val,micro_f1,0.4880952380952381
gru,deadlift,00110,42,val,bit_accuracy,0.6416666666666667
gru,deadlift,00110,42,val,exact_match,0.08333333333333333
gru,deadlift,00110,42,test,macro_f1,0.33916211293260473
gru,deadlift,00110,42,test,micro_f1,0.7480916030534351
gru,deadlift,00110,42,test,bit_accuracy,0.8
gru,deadlift,00110,42,test,exact_match,0.36363636363636365
gru,deadlift,00110,7,val,macro_f1,0.4010778224333212
gru,deadlift,00110,7,val,micro_f1,0.5196078431372549
gru,deadlift,00110,7,val,bit_accuracy,0.5916666666666667
gru,deadlift,00110,7,val,exact_match,0.10416666666666667
gru,deadlift,00110,7,test,macro_f1,0.2217142857142857
gru,deadlift,00110,7,test,micro_f1,0.4444444444444444
gru,deadlift,00110,7,test,bit_accuracy,0.6060606060606061
gru,deadlift,00110,7,test,exact_match,0.0
gru,deadlift,11110,123,val,macro_f1,0.4099591836734694
gru,deadlift,11110,123,val,micro_f1,0.4772727272727273
gru,deadlift,11110,123,val,bit_accuracy,0.6461538461538462
gru,deadlift,11110,123,val,exact_match,0.1346153846153846
gru,deadlift,11110,123,test,macro_f1,0.18636363636363637
gru,deadlift,11110,123,test,micro_f1,0.2978723404255319
gru,deadlift,11110,123,test,bit_accuracy,0.34
gru,deadlift,11110,123,test,exact_match,0.0
gru,deadlift,11110,42,val,macro_f1,0.39588235294117646
gru,deadlift,11110,42,val,micro_f1,0.6862745098039216
gru,deadlift,11110,42,val,bit_accuracy,0.7538461538461538
gru,deadlift,11110,42,val,exact_match,0.21153846153846154
gru,deadlift,11110,42,test,macro_f1,0.3894736842105263
gru,deadlift,11110,42,test,micro_f1,0.6440677966101694
gru,deadlift,11110,42,test,bit_accuracy,0.58
gru,deadlift,11110,42,test,exact_match,0.0
gru,deadlift,11110,7,val,macro_f1,0.38765538490486157
gru,deadlift,11110,7,val,micro_f1,0.5989847715736041
gru,deadlift,11110,7,val,bit_accuracy,0.6961538461538461
gru,deadlift,11110,7,val,exact_match,0.19230769230769232
gru,deadlift,11110,7,test,macro_f1,0.3484480431848853
gru,deadlift,11110,7,test,micro_f1,0.5185185185185185
gru,deadlift,11110,7,test,bit_accuracy,0.48
gru,deadlift,11110,7,test,exact_match,0.0
gru,squat,000000,123,val,macro_f1,0.541938222424991
gru,squat,000000,123,val,micro_f1,0.6571428571428571
gru,squat,000000,123,val,bit_accuracy,0.7037037037037037
gru,squat,000000,123,val,exact_match,0.18518518518518517
gru,squat,000000,123,test,macro_f1,0.0
gru,squat,000000,123,test,micro_f1,0.0
gru,squat,000000,123,test,bit_accuracy,0.6862745098039216
gru,squat,000000,123,test,exact_match,0.0
gru,squat,000000,42,val,macro_f1,0.5541879033534892
gru,squat,000000,42,val,micro_f1,0.7032258064516129
gru,squat,000000,42,val,bit_accuracy,0.7160493827160493
gru,squat,000000,42,val,exact_match,0.2222222222222222
gru,squat,000000,42,test,macro_f1,0.0
gru,squat,000000,42,test,micro_f1,0.0
gru,squat,000000,42,test,bit_accuracy,0.6078431372549019
gru,squat,000000,42,test,exact_match,0.0
gru,squat,000000,7,val,macro_f1,0.5569317952330054
gru,squat,000000,7,val,micro_f1,0.6993464052287581
gru,squat,000000,7,val,bit_accuracy,0.7160493827160493
gru,squat,000000,7,val,exact_match,0.18518518518518517
gru,squat,000000,7,test,macro_f1,0.0
gru,squat,000000,7,test,micro_f1,0.0
gru,squat,000000,7,test,bit_accuracy,0.5882352941176471
gru,squat,000000,7,test,exact_match,0.0
gru,squat,000001,123,val,macro_f1,0.5424605376741891
gru,squat,000001,123,val,micro_f1,0.5609756097560976
gru,squat,000001,123,val,bit_accuracy,0.6326530612244898
gru,squat,000001,123,val,exact_match,0.16326530612244897
gru,squat,000001,123,test,macro_f1,0.15533980582524273
gru,squat,000001,123,test,micro_f1,0.4682926829268293
gru,squat,000001,123,test,bit_accuracy,0.6696969696969697
gru,squat,000001,123,test,exact_match,0.0
gru,squat,000001,42,val,macro_f1,0.5398146498311317
gru,squat,000001,42,val,micro_f1,0.5793650793650794
gru,squat,000001,42,val,bit_accuracy,0.6394557823129252
gru,squat,000001,42,val,exact_match,0.16326530612244897
gru,squat,000001,42,test,macro_f1,0.15873015873015872
gru,squat,000001,42,test,micro_f1,0.4975124378109453
gru,squat,000001,42,test,bit_accuracy,0.693939393939394
gru,squat,000001,42,test,exact_match,0.0
gru,squat,000001,7,val,macro_f1,0.5195509571520801
gru,squat,000001,7,val,micro_f1,0.6349206349206349
gru,squat,000001,7,val,bit_accuracy,0.6870748299319728
gru,squat,000001,7,val,exact_match,0.24489795918367346
gru,squat,000001,7,test,macro_f1,0.15181518151815182
gru,squat,000001,7,test,micro_f1,0.4816753926701571
gru,squat,000001,7,test,bit_accuracy,0.7
gru,squat,000001,7,test,exact_match,0.0
gru,squat,000101,123,val,macro_f1,0.4737129454983294
gru,squat,000101,123,val,micro_f1,0.5957446808510638
gru,squat,000101,123,val,bit_accuracy,0.7067901234567902
gru,squat,000101,123,val,exact_match,0.24074074074074073
gru,squat,000101,123,test,macro_f1,0.25894465894465896
gru,squat,000101,123,test,micro_f1,0.5894736842105263
gru,squat,000101,123,test,bit_accuracy,0.7045454545454546
gru,squat,000101,123,test,exact_match,0.09090909090909091
gru,squat,000101,42,val,macro_f1,0.4463160810383033
gru,squat,000101,42,val,micro_f1,0.5352112676056338
gru,squat,000101,42,val,bit_accuracy,0.6944444444444444
gru,squat,000101,42,val,exact_match,0.18518518518518517
gru,squat,000101,42,test,macro_f1,0.2205837173579109
gru,squat,000101,42,test,micro_f1,0.5432098765432098
gru,squat,000101,42,test,bit_accuracy,0.7196969696969697
gru,squat,000101,42,test,exact_match,0.09090909090909091
gru,squat,000101,7,val,macro_f1,0.4864685504721995
gru,squat,000101,7,val,micro_f1,0.5934718100890207
gru,squat,000101,7,val,bit_accuracy,0.5771604938271605
gru,squat,000101,7,val,exact_match,0.037037037037037035
gru,squat,000101,7,test,macro_f1,0.27390180878552967
gru,squat,000101,7,test,micro_f1,0.6037735849056604
gru,squat,000101,7,test,bit_accuracy,0.6818181818181818
gru,squat,000101,7,test,exact_match,0.045454545454545456
gru,squat,010101,123,val,macro_f1,0.4717606769330908
gru,squat,010101,123,val,micro_f1,0.5714285714285714
gru,squat,010101,123,val,bit_accuracy,0.6727272727272727
gru,squat,010101,123,val,exact_match,0.2545454545454545
gru,squat,010101,123,test,macro_f1,0.36521739130434777
gru,squat,010101,123,test,micro_f1,0.6666666666666666
gru,squat,010101,123,test,bit_accuracy,0.7111111111111111
gru,squat,010101,123,test,exact_match,0.06666666666666667
gru,squat,010101,42,val,macro_f1,0.5050776234667896
gru,squat,010101,42,val,micro_f1,0.6007604562737643
gru,squat,010101,42,val,bit_accuracy,0.6818181818181818
gru,squat,010101,42,val,exact_match,0.18181818181818182
gru,squat,010101,42,test,macro_f1,0.26508620689655177
gru,squat,010101,42,test,micro_f1,0.5263157894736842
gru,squat,010101,42,test,bit_accuracy,0.6
gru,squat,010101,42,test,exact_match,0.0
gru,squat,010101,7,val,macro_f1,0.5142029932540693
gru,squat,010101,7,val,micro_f1,0.6456140350877193
gru,squat,010101,7,val,bit_accuracy,0.693939393939394
gru,squat,010101,7,val,exact_match,0.12727272727272726
gru,squat,010101,7,test,macro_f1,0.44683908045977017
gru,squat,010101,7,test,micro_f1,0.74
gru,squat,010101,7,test,bit_accuracy,0.7111111111111111
gru,squat,010101,7,test,exact_match,0.0
gru,squat,100001,123,val,macro_f1,0.481095031398479
gru,squat,100001,123,val,micro_f1,0.4931506849315068
gru,squat,100001,123,val,bit_accuracy,0.5066666666666667
gru,squat,100001,123,val,exact_match,0.02
gru,squat,100001,123,test,macro_f1,0.20651664322550398
gru,squat,100001,123,test,micro_f1,0.31543624161073824
gru,squat,100001,123,test,bit_accuracy,0.34615384615384615
gru,squat,100001,123,test,exact_match,0.019230769230769232
gru,squat,100001,42,val,macro_f1,0.5581527939422677
gru,squat,100001,42,val,micro_f1,0.6666666666666666
gru,squat,100001,42,val,bit_accuracy,0.76
gru,squat,100001,42,val,exact_match,0.3
gru,squat,100001,42,test,macro_f1,0.27088738972496107
gru,squat,100001,42,test,micro_f1,0.6233766233766234
gru,squat,100001,42,test,bit_accuracy,0.7211538461538461
gru,squat,100001,42,test,exact_match,0.038461538461538464
gru,squat,100001,7,val,macro_f1,0.4611968536068838
gru,squat,100001,7,val,micro_f1,0.5387205387205387
gru,squat,100001,7,val,bit_accuracy,0.5433333333333333
gru,squat,100001,7,val,exact_match,0.08
gru,squat,100001,7,test,macro_f1,0.28967691095350667
gru,squat,100001,7,test,micro_f1,0.6694560669456067
gru,squat,100001,7,test,bit_accuracy,0.7467948717948718
gru,squat,100001,7,test,exact_match,0.1346153846153846
gru,squat,100101,123,val,macro_f1,0.5767326807105405
gru,squat,100101,123,val,micro_f1,0.6302521008403361
gru,squat,100101,123,val,bit_accuracy,0.7066666666666667
gru,squat,100101,123,val,exact_match,0.22
gru,squat,100101,123,test,macro_f1,0.30179750121916876
gru,squat,100101,123,test,micro_f1,0.5888888888888889
gru,squat,100101,123,test,bit_accuracy,0.6574074074074074
gru,squat,100101,123,test,exact_match,0.0
gru,squat,100101,42,val,macro_f1,0.505038985291086
gru,squat,100101,42,val,micro_f1,0.5953488372093023
gru,squat,100101,42,val,bit_accuracy,0.71
gru,squat,100101,42,val,exact_match,0.2
gru,squat,100101,42,test,macro_f1,0.33129943915672555
gru,squat,100101,42,test,micro_f1,0.6113989637305699
gru,squat,100101,42,test,bit_accuracy,0.6527777777777778
gru,squat,100101,42,test,exact_match,0.0
gru,squat,100101,7,val,macro_f1,0.621593761749512
gru,squat,100101,7,val,micro_f1,0.6980392156862745
gru,squat,100101,7,val,bit_accuracy,0.7433333333333333
gru,squat,100101,7,val,exact_match,0.32
gru,squat,100101,7,test,macro_f1,0.3362801377726751
gru,squat,100101,7,test,micro_f1,0.6632124352331606
gru,squat,100101,7,test,bit_accuracy,0.6990740740740741
gru,squat,100101,7,test,exact_match,0.0
gru,squat,101001,123,val,macro_f1,0.4526859269406695
gru,squat,101001,123,val,micro_f1,0.5701357466063348
gru,squat,101001,123,val,bit_accuracy,0.7067901234567902
gru,squat,101001,123,val,exact_match,0.12962962962962962
gru,squat,101001,123,test,macro_f1,0.28999442586399105
gru,squat,101001,123,test,micro_f1,0.6271186440677966
gru,squat,101001,123,test,bit_accuracy,0.7066666666666667
gru,squat,101001,123,test,exact_match,0.04
gru,squat,101001,42,val,macro_f1,0.5468014538845979
gru,squat,101001,42,val,micro_f1,0.6776315789473685
gru,squat,101001,42,val,bit_accuracy,0.703030303030303
gru,squat,101001,42,val,exact_match,0.07272727272727272
gru,squat,101001,42,test,macro_f1,0.33851447555766495
gru,squat,101001,42,test,micro_f1,0.6164383561643836
gru,squat,101001,42,test,bit_accuracy,0.6266666666666667
gru,squat,101001,42,test,exact_match,0.04
gru,squat,101001,7,val,macro_f1,0.5198609997326918
gru,squat,101001,7,val,micro_f1,0.6199261992619927
gru,squat,101001,7,val,bit_accuracy,0.6878787878787879
gru,squat,101001,7,val,exact_match,0.2545454545454545
gru,squat,101001,7,test,macro_f1,0.29871205277709345
gru,squat,101001,7,test,micro_f1,0.592
gru,squat,101001,7,test,bit_accuracy,0.66
gru,squat,101001,7,test,exact_match,0.0
ssm,deadlift,00000,123,val,macro_f1,0.5084380754602247
ssm,deadlift,00000,123,val,micro_f1,0.6165413533834586
ssm,deadlift,00000,123,val,bit_accuracy,0.7
ssm,deadlift,00000,123,val,exact_match,0.11764705882352941
ssm,deadlift,00000,123,test,macro_f1,0.0
ssm,deadlift,00000,123,test,micro_f1,0.0
ssm,deadlift,00000,123,test,bit_accuracy,0.6666666666666666
ssm,deadlift,00000,123,test,exact_match,0.0
ssm,deadlift,00000,42,val,macro_f1,0.526062893081761
ssm,deadlift,00000,42,val,micro_f1,0.6131386861313869
ssm,deadlift,00000,42,val,bit_accuracy,0.6882352941176471
ssm,deadlift,00000,42,val,exact_match,0.029411764705882353
ssm,deadlift,00000,42,test,macro_f1,0.0
ssm,deadlift,00000,42,test,micro_f1,0.0
ssm,deadlift,00000,42,test,bit_accuracy,0.5652173913043478
ssm,deadlift,00000,42,test,exact_match,0.0
ssm,deadlift,00000,7,val,macro_f1,0.5048435374149659
ssm,deadlift,00000,7,val,micro_f1,0.6074074074074074
ssm,deadlift,00000,7,val,bit_accuracy,0.6882352941176471
ssm,deadlift,00000,7,val,exact_match,0.058823529411764705
ssm,deadlift,00000,7,test,macro_f1,0.0
ssm,deadlift,00000,7,test,micro_f1,0.0
ssm,deadlift,00000,7,test,bit_accuracy,0.6231884057971014
ssm,deadlift,00000,7,test,exact_match,0.014492753623188406
ssm,deadlift,00010,123,val,macro_f1,0.3492673000869722
ssm,deadlift,00010,123,val,micro_f1,0.5205479452054794
ssm,deadlift,00010,123,val,bit_accuracy,0.6410256410256411
ssm,deadlift,00010,123,val,exact_match,0.0
ssm,deadlift,00010,123,test,macro_f1,0.10337078651685394
ssm,deadlift,00010,123,test,micro_f1,0.21395348837209302
ssm,deadlift,00010,123,test,bit_accuracy,0.48787878787878786
ssm,deadlift,00010,123,test,exact_match,0.0
ssm,deadlift,00010,42,val,macro_f1,0.3793939393939394
ssm,deadlift,00010,42,val,micro_f1,0.49696969696969695
ssm,deadlift,00010,42,val,bit_accuracy,0.5743589743589743
ssm,deadlift,00010,42,val,exact_match,0.05128205128205128
ssm,deadlift,00010,42,test,macro_f1,0.1663716814159292
ssm,deadlift,00010,42,test,micro_f1,0.37751004016064255
ssm,deadlift,00010,42,test,bit_accuracy,0.5303030303030303
ssm,deadlift,00010,42,test,exact_match,0.015151515151515152
ssm,deadlift,00010,7,val,macro_f1,0.23116168689698102
ssm,deadlift,00010,7,val,micro_f1,0.272
ssm,deadlift,00010,7,val,bit_accuracy,0.5333333333333333
ssm,deadlift,00010,7,val,exact_match,0.05128205128205128
ssm,deadlift,00010,7,test,macro_f1,0.06582278481012657
ssm,deadlift,00010,7,test,micro_f1,0.14444444444444443
ssm,deadlift,00010,7,test,bit_accuracy,0.5333333333333333
ssm,deadlift,00010,7,test,exact_match,0.045454545454545456
ssm,deadlift,00100,123,val,macro_f1,0.34543631806789704
ssm,deadlift,00100,123,val,micro_f1,0.3795620437956204
ssm,deadlift,00100,123,val,bit_accuracy,0.6382978723404256
ssm,deadlift,00100,123,val,exact_match,0.06382978723404255
ssm,deadlift,00100,123,test,macro_f1,0.125
ssm,deadlift,00100,123,test,micro_f1,0.28169014084507044
ssm,deadlift,00100,123,test,bit_accuracy,0.5363636363636364
ssm,deadlift,00100,123,test,exact_match,0.0
ssm,deadlift,00100,42,val,macro_f1,0.3826291867084418
ssm,deadlift,00100,42,val,micro_f1,0.5533980582524272
ssm,deadlift,00100,42,val,bit_accuracy,0.6085106382978723
ssm,deadlift,00100,42,val,exact_match,0.02127659574468085
ssm,deadlift,00100,42,test,macro_f1,0.2
ssm,deadlift,00100,42,test,micro_f1,0.5238095238095238
ssm,deadlift,00100,42,test,bit_accuracy,0.6363636363636364
ssm,deadlift,00100,42,test,exact_match,0.0
ssm,deadlift,00100,7,val,macro_f1,0.3198787878787879
ssm,deadlift,00100,7,val,micro_f1,0.5555555555555556
ssm,deadlift,00100,7,val,bit_accuracy,0.7276595744680852
ssm,deadlift,00100,7,val,exact_match,0.14893617021276595
ssm,deadlift,00100,7,test,macro_f1,0.017391304347826087
ssm,deadlift,00100,7,test,micro_f1,0.038461538461538464
ssm,deadlift,00100,7,test,bit_accuracy,0.5454545454545454
ssm,deadlift,00100,7,test,exact_match,0.0
ssm,deadlift,00110,123,val,macro_f1,0.34114285714285714
ssm,deadlift,00110,123,val,micro_f1,0.4148148148148148
ssm,deadlift,00110,123,val,bit_accuracy,0.6708333333333333
ssm,deadlift,00110,123,val,exact_match,0.20833333333333334
ssm,deadlift,00110,123,test,macro_f1,0.2111764705882353
ssm,deadlift,00110,123,test,micro_f1,0.47619047619047616
ssm,deadlift,00110,123,test,bit_accuracy,0.6666666666666666
ssm,deadlift,00110,123,test,exact_match,0.09090909090909091
ssm,deadlift,00110,42,val,macro_f1,0.3513275613275614
ssm,deadlift,00110,42,val,micro_f1,0.4577114427860697
ssm,deadlift,00110,42,val,bit_accuracy,0.5458333333333333
ssm,deadlift,00110,42,val,exact_match,0.0
ssm,deadlift,00110,42,test,macro_f1,0.36709677419354836
ssm,deadlift,00110,42,test,micro_f1,0.7777777777777778
ssm,deadlift,00110,42,test,bit_accuracy,0.806060606060606
ssm,deadlift,00110,42,test,exact_match,0.24242424242424243
ssm,deadlift,00110,7,val,macro_f1,0.33500784929356353
ssm,deadlift,00110,7,val,micro_f1,0.4233576642335766
ssm,deadlift,00110,7,val,bit_accuracy,0.6708333333333333
ssm,deadlift,00110,7,val,exact_match,0.25
ssm,deadlift,00110,7,test,macro_f1,0.18653846153846154
ssm,deadlift,00110,7,test,micro_f1,0.4158415841584158
ssm,deadlift,00110,7,test,bit_accuracy,0.6424242424242425
ssm,deadlift,00110,7,test,exact_match,0.0
ssm,deadlift,11110,123,val,macro_f1,0.39337766808355046
ssm,deadlift,11110,123,val,micro_f1,0.5032258064516129
ssm,deadlift,11110,123,val,bit_accuracy,0.7038461538461539
ssm,deadlift,11110,123,val,exact_match,0.19230769230769232
ssm,deadlift,11110,123,test,macro_f1,0.06666666666666667
ssm,deadlift,11110,123,test,micro_f1,0.09523809523809523
ssm,deadlift,11110,123,test,bit_accuracy,0.24
ssm,deadlift,11110,123,test,exact_match,0.0
ssm,deadlift,11110,42,val,macro_f1,0.38147619047619047
ssm,deadlift,11110,42,val,micro_f1,0.4945054945054945
ssm,deadlift,11110,42,val,bit_accuracy,0.6461538461538462
ssm,deadlift,11110,42,val,exact_match,0.15384615384615385
ssm,deadlift,11110,42,test,macro_f1,0.41521093285799165
ssm,deadlift,11110,42,test,micro_f1,0.5964912280701754
ssm,deadlift,11110,42,test,bit_accuracy,0.54
ssm,deadlift,11110,42,test,exact_match,0.0
ssm,deadlift,11110,7,val,macro_f1,0.3905737162378563
ssm,deadlift,11110,7,val,micro_f1,0.5057471264367817
ssm,deadlift,11110,7,val,bit_accuracy,0.6692307692307692
ssm,deadlift,11110,7,val,exact_match,0.11538461538461539
ssm,deadlift,11110,7,test,macro_f1,0.1894736842105263
ssm,deadlift,11110,7,test,micro_f1,0.3673469387755102
ssm,deadlift,11110,7,test,bit_accuracy,0.38
ssm,deadlift,11110,7,test,exact_match,0.0
ssm,squat,000000,123,val,macro_f1,0.5289734567306148
ssm,squat,000000,123,val,micro_f1,0.6262626262626263
ssm,squat,000000,123,val,bit_accuracy,0.6574074074074074
ssm,squat,000000,123,val,exact_match,0.18518518518518517
ssm,squat,000000,123,test,macro_f1,0.0
ssm,squat,000000,123,test,micro_f1,0.0
ssm,squat,000000,123,test,bit_accuracy,0.7156862745098039
ssm,squat,000000,123,test,exact_match,0.0
ssm,squat,000000,42,val,macro_f1,0.5659501996711299
ssm,squat,000000,42,val,micro_f1,0.6758620689655173
ssm,squat,000000,42,val,bit_accuracy,0.7098765432098766
ssm,squat,000000,42,val,exact_match,0.14814814814814814
ssm,squat,000000,42,test,macro_f1,0.0
ssm,squat,000000,42,test,micro_f1,0.0
ssm,squat,000000,42,test,bit_accuracy,0.6274509803921569
ssm,squat,000000,42,test,exact_match,0.0
ssm,squat,000000,7,val,macro_f1,0.514590785383349
ssm,squat,000000,7,val,micro_f1,0.6645161290322581
ssm,squat,000000,7,val,bit_accuracy,0.6790123456790124
ssm,squat,000000,7,val,exact_match,0.16666666666666666
ssm,squat,000000,7,test,macro_f1,0.0
ssm,squat,000000,7,test,micro_f1,0.0
ssm,squat,000000,7,test,bit_accuracy,0.49019607843137253
ssm,squat,000000,7,test,exact_match,0.0
ssm,squat,000001,123,val,macro_f1,0.4648851338919832
ssm,squat,000001,123,val,micro_f1,0.5583333333333333
ssm,squat,000001,123,val,bit_accuracy,0.6394557823129252
ssm,squat,000001,123,val,exact_match,0.08163265306122448
ssm,squat,000001,123,test,macro_f1,0.16666666666666666
ssm,squat,000001,123,test,micro_f1,0.5978260869565217
ssm,squat,000001,123,test,bit_accuracy,0.7757575757575758
ssm,squat,000001,123,test,exact_match,0.03636363636363636
ssm,squat,000001,42,val,macro_f1,0.4909683620128254
ssm,squat,000001,42,val,micro_f1,0.5741324921135647
ssm,squat,000001,42,val,bit_accuracy,0.5408163265306123
ssm,squat,000001,42,val,exact_match,0.0
ssm,squat,000001,42,test,macro_f1,0.16666666666666666
ssm,squat,000001,42,test,micro_f1,0.36666666666666664
ssm,squat,000001,42,test,bit_accuracy,0.42424242424242425
ssm,squat,000001,42,test,exact_match,0.0
ssm,squat,000001,7,val,macro_f1,0.5849751519774403
ssm,squat,000001,7,val,micro_f1,0.676923076923077
ssm,squat,000001,7,val,bit_accuracy,0.7142857142857143
ssm,squat,000001,7,val,exact_match,0.24489795918367346
ssm,squat,000001,7,test,macro_f1,0.12962962962962962
ssm,squat,000001,7,test,micro_f1,0.3783783783783784
ssm,squat,000001,7,test,bit_accuracy,0.6515151515151515
ssm,squat,000001,7,test,exact_match,0.01818181818181818
ssm,squat,000101,123,val,macro_f1,0.49290902910617423
ssm,squat,000101,123,val,micro_f1,0.576
ssm,squat,000101,123,val,bit_accuracy,0.6728395061728395
ssm,squat,000101,123,val,exact_match,0.1111111111111111
ssm,squat,000101,123,test,macro_f1,0.21619993977717555
ssm,squat,000101,123,test,micro_f1,0.5454545454545454
ssm,squat,000101,123,test,bit_accuracy,0.696969696969697
ssm,squat,000101,123,test,exact_match,0.09090909090909091
ssm,squat,000101,42,val,macro_f1,0.46661980265042047
ssm,squat,000101,42,val,micro_f1,0.6030534351145038
ssm,squat,000101,42,val,bit_accuracy,0.6790123456790124
ssm,squat,000101,42,val,exact_match,0.1111111111111111
ssm,squat,000101,42,test,macro_f1,0.2564102564102564
ssm,squat,000101,42,test,micro_f1,0.5957446808510638
ssm,squat,000101,42,test,bit_accuracy,0.7121212121212122
ssm,squat,000101,42,test,exact_match,0.13636363636363635
ssm,squat,000101,7,val,macro_f1,0.4879472732544971
ssm,squat,000101,7,val,micro_f1,0.6046511627906976
ssm,squat,000101,7,val,bit_accuracy,0.6327160493827161
ssm,squat,000101,7,val,exact_match,0.09259259259259259
ssm,squat,000101,7,test,macro_f1,0.2586382113821138
ssm,squat,000101,7,test,micro_f1,0.6041666666666666
ssm,squat,000101,7,test,bit_accuracy,0.7121212121212122
ssm,squat,000101,7,test,exact_match,0.09090909090909091
ssm,squat,010101,123,val,macro_f1,0.4467472661917106
ssm,squat,010101,123,val,micro_f1,0.5652173913043478
ssm,squat,010101,123,val,bit_accuracy,0.696969696969697
ssm,squat,010101,123,val,exact_match,0.2727272727272727
ssm,squat,010101,123,test,macro_f1,0.3916040100250626
ssm,squat,010101,123,test,micro_f1,0.7111111111111111
ssm,squat,010101,123,test,bit_accuracy,0.7111111111111111
ssm,squat,010101,123,test,exact_match,0.0
ssm,squat,010101,42,val,macro_f1,0.5439775111318687
ssm,squat,010101,42,val,micro_f1,0.6940298507462687
ssm,squat,010101,42,val,bit_accuracy,0.7515151515151515
ssm,squat,010101,42,val,exact_match,0.2909090909090909
ssm,squat,010101,42,test,macro_f1,0.3484195402298851
ssm,squat,010101,42,test,micro_f1,0.7058823529411765
ssm,squat,010101,42,test,bit_accuracy,0.7222222222222222
ssm,squat,010101,42,test,exact_match,0.0
ssm,squat,010101,7,val,macro_f1,0.5270704217826463
ssm,squat,010101,7,val,micro_f1,0.6220735785953178
ssm,squat,010101,7,val,bit_accuracy,0.6575757575757576
ssm,squat,010101,7,val,exact_match,0.2
ssm,squat,010101,7,test,macro_f1,0.4166666666666667
ssm,squat,010101,7,test,micro_f1,0.7526881720430108
ssm,squat,010101,7,test,bit_accuracy,0.7444444444444445
ssm,squat,010101,7,test,exact_match,0.0
ssm,squat,100001,123,val,macro_f1,0.5102312190192325
ssm,squat,100001,123,val,micro_f1,0.5748031496062992
ssm,squat,100001,123,val,bit_accuracy,0.64
ssm,squat,100001,123,val,exact_match,0.04
ssm,squat,100001,123,test,macro_f1,0.22330149479250982
ssm,squat,100001,123,test,micro_f1,0.47161572052401746
ssm,squat,100001,123,test,bit_accuracy,0.6121794871794872
ssm,squat,100001,123,test,exact_match,0.09615384615384616
ssm,squat,100001,42,val,macro_f1,0.5715396311061521
ssm,squat,100001,42,val,micro_f1,0.7206477732793523
ssm,squat,100001,42,val,bit_accuracy,0.77
ssm,squat,100001,42,val,exact_match,0.24
ssm,squat,100001,42,test,macro_f1,0.2980798079807981
ssm,squat,100001,42,test,micro_f1,0.6938775510204082
ssm,squat,100001,42,test,bit_accuracy,0.7596153846153846
ssm,squat,100001,42,test,exact_match,0.23076923076923078
ssm,squat,100001,7,val,macro_f1,0.4854276895943563
ssm,squat,100001,7,val,micro_f1,0.5827338129496403
ssm,squat,100001,7,val,bit_accuracy,0.6133333333333333
ssm,squat,100001,7,val,exact_match,0.1
ssm,squat,100001,7,test,macro_f1,0.2951816385468916
ssm,squat,100001,7,test,micro_f1,0.6970954356846473
ssm,squat,100001,7,test,bit_accuracy,0.7660256410256411
ssm,squat,100001,7,test,exact_match,0.038461538461538464
ssm,squat,100101,123,val,macro_f1,0.5220189825937326
ssm,squat,100101,123,val,micro_f1,0.6439024390243903
ssm,squat,100101,123,val,bit_accuracy,0.7566666666666667
ssm,squat,100101,123,val,exact_match,0.26
ssm,squat,100101,123,test,macro_f1,0.3208190905742551
ssm,squat,100101,123,test,micro_f1,0.632183908045977
ssm,squat,100101,123,test,bit_accuracy,0.7037037037037037
ssm,squat,100101,123,test,exact_match,0.0
ssm,squat,100101,42,val,macro_f1,0.46560942586350934
ssm,squat,100101,42,val,micro_f1,0.5652173913043478
ssm,squat,100101,42,val,bit_accuracy,0.7333333333333333
ssm,squat,100101,42,val,exact_match,0.26
ssm,squat,100101,42,test,macro_f1,0.2960117685518143
ssm,squat,100101,42,test,micro_f1,0.6358381502890174
ssm,squat,100101,42,test,bit_accuracy,0.7083333333333334
ssm,squat,100101,42,test,exact_match,0.0
ssm,squat,100101,7,val,macro_f1,0.5803109129196086
ssm,squat,100101,7,val,micro_f1,0.6666666666666666
ssm,squat,100101,7,val,bit_accuracy,0.73
ssm,squat,100101,7,val,exact_match,0.16
ssm,squat,100101,7,test,macro_f1,0.319603532723977
ssm,squat,100101,7,test,micro_f1,0.632768361581921
ssm,squat,100101,7,test,bit_accuracy,0.6990740740740741
ssm,squat,100101,7,test,exact_match,0.0
ssm,squat,101001,123,val,macro_f1,0.4781714587367141
ssm,squat,101001,123,val,micro_f1,0.5945945945945946
ssm,squat,101001,123,val,bit_accuracy,0.7222222222222222
ssm,squat,101001,123,val,exact_match,0.24074074074074073
ssm,squat,101001,123,test,macro_f1,0.3108010276320257
ssm,squat,101001,123,test,micro_f1,0.6451612903225806
ssm,squat,101001,123,test,bit_accuracy,0.7066666666666667
ssm,squat,101001,123,test,exact_match,0.04
ssm,squat,101001,42,val,macro_f1,0.5235680903077365
ssm,squat,101001,42,val,micro_f1,0.6730769230769231
ssm,squat,101001,42,val,bit_accuracy,0.6909090909090909
ssm,squat,101001,42,val,exact_match,0.14545454545454545
ssm,squat,101001,42,test,macro_f1,0.3266632894292469
ssm,squat,101001,42,test,micro_f1,0.6412213740458015
ssm,squat,101001,42,test,bit_accuracy,0.6866666666666666
ssm,squat,101001,42,test,exact_match,0.04
ssm,squat,101001,7,val,macro_f1,0.5388227513227514
ssm,squat,101001,7,val,micro_f1,0.6090225563909775
ssm,squat,101001,7,val,bit_accuracy,0.6848484848484848
ssm,squat,101001,7,val,exact_match,0.3090909090909091
ssm,squat,101001,7,test,macro_f1,0.27390369463540193
ssm,squat,101001,7,test,micro_f1,0.4397163120567376
ssm,squat,101001,7,test,bit_accuracy,0.47333333333333333
ssm,squat,101001,7,test,exact_match,0.0
tcn,deadlift,00000,123,val,macro_f1,0.5853285543608123
tcn,deadlift,00000,123,val,micro_f1,0.6338028169014085
tcn,deadlift,00000,123,val,bit_accuracy,0.6941176470588235
tcn,deadlift,00000,123,val,exact_match,0.029411764705882353
tcn,deadlift,00000,123,test,macro_f1,0.0
tcn,deadlift,00000,123,test,micro_f1,0.0
tcn,deadlift,00000,123,test,bit_accuracy,0.5478260869565217
tcn,deadlift,00000,123,test,exact_match,0.0
tcn,deadlift,00000,42,val,macro_f1,0.5672022502278342
tcn,deadlift,00000,42,val,micro_f1,0.6164383561643836
tcn,deadlift,00000,42,val,bit_accuracy,0.6705882352941176
tcn,deadlift,00000,42,val,exact_match,0.0
tcn,deadlift,00000,42,test,macro_f1,0.0
tcn,deadlift,00000,42,test,micro_f1,0.0
tcn,deadlift,00000,42,test,bit_accuracy,0.5884057971014492
tcn,deadlift,00000,42,test,exact_match,0.043478260869565216
tcn,deadlift,00000,7,val,macro_f1,0.526033966033966
tcn,deadlift,00000,7,val,micro_f1,0.6099290780141844
tcn,deadlift,00000,7,val,bit_accuracy,0.6764705882352942
tcn,deadlift,00000,7,val,exact_match,0.029411764705882353
tcn,deadlift,00000,7,test,macro_f1,0.0
tcn,deadlift,00000,7,test,micro_f1,0.0
tcn,deadlift,00000,7,test,bit_accuracy,0.5420289855072464
tcn,deadlift,00000,7,test,exact_match,0.0
tcn,deadlift,00010,123,val,macro_f1,0.39502760120441616
tcn,deadlift,00010,123,val,micro_f1,0.49
tcn,deadlift,00010,123,val,bit_accuracy,0.47692307692307695
tcn,deadlift,00010,123,val,exact_match,0.15384615384615385
tcn,deadlift,00010,123,test,macro_f1,0.2
tcn,deadlift,00010,123,test,micro_f1,0.45517241379310347
tcn,deadlift,00010,123,test,bit_accuracy,0.5212121212121212
tcn,deadlift,00010,123,test,exact_match,0.0
tcn,deadlift,00010,42,val,macro_f1,0.369883073915332
tcn,deadlift,00010,42,val,micro_f1,0.39097744360902253
tcn,deadlift,00010,42,val,bit_accuracy,0.5846153846153846
tcn,deadlift,00010,42,val,exact_match,0.07692307692307693
tcn,deadlift,00010,42,test,macro_f1,0.14368932038834953
tcn,deadlift,00010,42,test,micro_f1,0.3645320197044335
tcn,deadlift,00010,42,test,bit_accuracy,0.6090909090909091
tcn,deadlift,00010,42,test,exact_match,0.030303030303030304
tcn,deadlift,00010,7,val,macro_f1,0.3701266856734447
tcn,deadlift,00010,7,val,micro_f1,0.38271604938271603
tcn,deadlift,00010,7,val,bit_accuracy,0.48717948717948717
tcn,deadlift,00010,7,val,exact_match,0.0
tcn,deadlift,00010,7,test,macro_f1,0.19534883720930232
tcn,deadlift,00010,7,test,micro_f1,0.5142857142857142
tcn,deadlift,00010,7,test,bit_accuracy,0.6393939393939394
tcn,deadlift,00010,7,test,exact_match,0.0
tcn,deadlift,00100,123,val,macro_f1,0.4143867626626247
tcn,deadlift,00100,123,val,micro_f1,0.4233576642335766
tcn,deadlift,00100,123,val,bit_accuracy,0.6638297872340425
tcn,deadlift,00100,123,val,exact_match,0.10638297872340426
tcn,deadlift,00100,123,test,macro_f1,0.03333333333333333
tcn,deadlift,00100,123,test,micro_f1,0.08163265306122448
tcn,deadlift,00100,123,test,bit_accuracy,0.5909090909090909
tcn,deadlift,00100,123,test,exact_match,0.0
tcn,deadlift,00100,42,val,macro_f1,0.41365892547764727
tcn,deadlift,00100,42,val,micro_f1,0.4973544973544973
tcn,deadlift,00100,42,val,bit_accuracy,0.5957446808510638
tcn,deadlift,00100,42,val,exact_match,0.02127659574468085
tcn,deadlift,00100,42,test,macro_f1,0.10666666666666666
tcn,deadlift,00100,42,test,micro_f1,0.2807017543859649
tcn,deadlift,00100,42,test,bit_accuracy,0.6272727272727273
tcn,deadlift,00100,42,test,exact_match,0.0
tcn,deadlift,00100,7,val,macro_f1,0.41627338963404537
tcn,deadlift,00100,7,val,micro_f1,0.4774193548387097
tcn,deadlift,00100,7,val,bit_accuracy,0.6553191489361702
tcn,deadlift,00100,7,val,exact_match,0.0425531914893617
tcn,deadlift,00100,7,test,macro_f1,0.1411764705882353
tcn,deadlift,00100,7,test,micro_f1,0.3037974683544304
tcn,deadlift,00100,7,test,bit_accuracy,0.5
tcn,deadlift,00100,7,test,exact_match,0.0
tcn,deadlift,00110,123,val,macro_f1,0.3527645308551398
tcn,deadlift,00110,123,val,micro_f1,0.41830065359477125
tcn,deadlift,00110,123,val,bit_accuracy,0.6291666666666667
tcn,deadlift,00110,123,val,exact_match,0.20833333333333334
tcn,deadlift,00110,123,test,macro_f1,0.3261538461538461
tcn,deadlift,00110,123,test,micro_f1,0.6618705035971223
tcn,deadlift,00110,123,test,bit_accuracy,0.7151515151515152
tcn,deadlift,00110,123,test,exact_match,0.0
tcn,deadlift,00110,42,val,macro_f1,0.37181800597545556
tcn,deadlift,00110,42,val,micro_f1,0.45348837209302323
tcn,deadlift,00110,42,val,bit_accuracy,0.6083333333333333
tcn,deadlift,00110,42,val,exact_match,0.125
tcn,deadlift,00110,42,test,macro_f1,0.33555555555555555
tcn,deadlift,00110,42,test,micro_f1,0.676056338028169
tcn,deadlift,00110,42,test,bit_accuracy,0.7212121212121212
tcn,deadlift,00110,42,test,exact_match,0.0
tcn,deadlift,00110,7,val,macro_f1,0.3949734476050265
tcn,deadlift,00110,7,val,micro_f1,0.4624277456647399
tcn,deadlift,00110,7,val,bit_accuracy,0.6125
tcn,deadlift,00110,7,val,exact_match,0.020833333333333332
tcn,deadlift,00110,7,test,macro_f1,0.2761904761904762
tcn,deadlift,00110,7,test,micro_f1,0.582089552238806
tcn,deadlift,00110,7,test,bit_accuracy,0.6606060606060606
tcn,deadlift,00110,7,test,exact_match,0.030303030303030304
tcn,deadlift,11110,123,val,macro_f1,0.40462787278183987
tcn,deadlift,11110,123,val,micro_f1,0.5698324022346368
tcn,deadlift,11110,123,val,bit_accuracy,0.7038461538461539
tcn,deadlift,11110,123,val,exact_match,0.15384615384615385
tcn,deadlift,11110,123,test,macro_f1,0.3712992889463477
tcn,deadlift,11110,123,test,micro_f1,0.5185185185185185
tcn,deadlift,11110,123,test,bit_accuracy,0.48
tcn,deadlift,11110,123,test,exact_match,0.0
tcn,deadlift,11110,42,val,macro_f1,0.42615168235421397
tcn,deadlift,11110,42,val,micro_f1,0.6170212765957447
tcn,deadlift,11110,42,val,bit_accuracy,0.7230769230769231
tcn,deadlift,11110,42,val,exact_match,0.11538461538461539
tcn,deadlift,11110,42,test,macro_f1,0.32280701754385965
tcn,deadlift,11110,42,test,micro_f1,0.49056603773584906
tcn,deadlift,11110,42,test,bit_accuracy,0.46
tcn,deadlift,11110,42,test,exact_match,0.0
tcn,deadlift,11110,7,val,macro_f1,0.4759439941046426
tcn,deadlift,11110,7,val,micro_f1,0.5595238095238095
tcn,deadlift,11110,7,val,bit_accuracy,0.7153846153846154
tcn,deadlift,11110,7,val,exact_match,0.17307692307692307
tcn,deadlift,11110,7,test,macro_f1,0.2833333333333333
tcn,deadlift,11110,7,test,micro_f1,0.43137254901960786
tcn,deadlift,11110,7,test,bit_accuracy,0.42
tcn,deadlift,11110,7,test,exact_match,0.0
tcn,squat,000000,123,val,macro_f1,0.5609359007614821
tcn,squat,000000,123,val,micro_f1,0.632258064516129
tcn,squat,000000,123,val,bit_accuracy,0.6481481481481481
tcn,squat,000000,123,val,exact_match,0.2037037037037037
tcn,squat,000000,123,test,macro_f1,0.0
tcn,squat,000000,123,test,micro_f1,0.0
tcn,squat,000000,123,test,bit_accuracy,0.5882352941176471
tcn,squat,000000,123,test,exact_match,0.0
tcn,squat,000000,42,val,macro_f1,0.5457651712045791
tcn,squat,000000,42,val,micro_f1,0.6881720430107527
tcn,squat,000000,42,val,bit_accuracy,0.7314814814814815
tcn,squat,000000,42,val,exact_match,0.24074074074074073
tcn,squat,000000,42,test,macro_f1,0.0
tcn,squat,000000,42,test,micro_f1,0.0
tcn,squat,000000,42,test,bit_accuracy,0.7843137254901961
tcn,squat,000000,42,test,exact_match,0.0
tcn,squat,000000,7,val,macro_f1,0.5168043858160589
tcn,squat,000000,7,val,micro_f1,0.6243386243386243
tcn,squat,000000,7,val,bit_accuracy,0.5617283950617284
tcn,squat,000000,7,val,exact_match,0.0
tcn,squat,000000,7,test,macro_f1,0.0
tcn,squat,000000,7,test,micro_f1,0.0
tcn,squat,000000,7,test,bit_accuracy,0.3333333333333333
tcn,squat,000000,7,test,exact_match,0.0
tcn,squat,000001,123,val,macro_f1,0.577743181687136
tcn,squat,000001,123,val,micro_f1,0.59375
tcn,squat,000001,123,val,bit_accuracy,0.6462585034013606
tcn,squat,000001,123,val,exact_match,0.1836734693877551
tcn,squat,000001,123,test,macro_f1,0.16037735849056603
tcn,squat,000001,123,test,micro_f1,0.4880382775119617
tcn,squat,000001,123,test,bit_accuracy,0.6757575757575758
tcn,squat,000001,123,test,exact_match,0.0
tcn,squat,000001,42,val,macro_f1,0.5038303234821607
tcn,squat,000001,42,val,micro_f1,0.5327868852459017
tcn,squat,000001,42,val,bit_accuracy,0.6122448979591837
tcn,squat,000001,42,val,exact_match,0.1836734693877551
tcn,squat,000001,42,test,macro_f1,0.16358024691358025
tcn,squat,000001,42,test,micro_f1,0.5096153846153846
tcn,squat,000001,42,test,bit_accuracy,0.6909090909090909
tcn,squat,000001,42,test,exact_match,0.0
tcn,squat,000001,7,val,macro_f1,0.5267720208896679
tcn,squat,000001,7,val,micro_f1,0.5714285714285714
tcn,squat,000001,7,val,bit_accuracy,0.6224489795918368
tcn,squat,000001,7,val,exact_match,0.14285714285714285
tcn,squat,000001,7,test,macro_f1,0.14035087719298245
tcn,squat,000001,7,test,micro_f1,0.39800995024875624
tcn,squat,000001,7,test,bit_accuracy,0.6333333333333333
tcn,squat,000001,7,test,exact_match,0.0
tcn,squat,000101,123,val,macro_f1,0.49832431230371027
tcn,squat,000101,123,val,micro_f1,0.6190476190476191
tcn,squat,000101,123,val,bit_accuracy,0.7037037037037037
tcn,squat,000101,123,val,exact_match,0.18518518518518517
tcn,squat,000101,123,test,macro_f1,0.24946581196581197
tcn,squat,000101,123,test,micro_f1,0.5346534653465347
tcn,squat,000101,123,test,bit_accuracy,0.6439393939393939
tcn,squat,000101,123,test,exact_match,0.0
tcn,squat,000101,42,val,macro_f1,0.468561317054178
tcn,squat,000101,42,val,micro_f1,0.583941605839416
tcn,squat,000101,42,val,bit_accuracy,0.6481481481481481
tcn,squat,000101,42,val,exact_match,0.07407407407407407
tcn,squat,000101,42,test,macro_f1,0.304029304029304
tcn,squat,000101,42,test,micro_f1,0.6607142857142857
tcn,squat,000101,42,test,bit_accuracy,0.7121212121212122
tcn,squat,000101,42,test,exact_match,0.0
tcn,squat,000101,7,val,macro_f1,0.4267339620787897
tcn,squat,000101,7,val,micro_f1,0.5684210526315789
tcn,squat,000101,7,val,bit_accuracy,0.6203703703703703
tcn,squat,000101,7,val,exact_match,0.037037037037037035
tcn,squat,000101,7,test,macro_f1,0.21527777777777776
tcn,squat,000101,7,test,micro_f1,0.5
tcn,squat,000101,7,test,bit_accuracy,0.6818181818181818
tcn,squat,000101,7,test,exact_match,0.0
tcn,squat,010101,123,val,macro_f1,0.48487238361452195
tcn,squat,010101,123,val,micro_f1,0.584070796460177
tcn,squat,010101,123,val,bit_accuracy,0.7151515151515152
tcn,squat,010101,123,val,exact_match,0.2727272727272727
tcn,squat,010101,123,test,macro_f1,0.3653846153846154
tcn,squat,010101,123,test,micro_f1,0.6506024096385542
tcn,squat,010101,123,test,bit_accuracy,0.6777777777777778
tcn,squat,010101,123,test,exact_match,0.0
tcn,squat,010101,42,val,macro_f1,0.5473331904366386
tcn,squat,010101,42,val,micro_f1,0.6613545816733067
tcn,squat,010101,42,val,bit_accuracy,0.7424242424242424
tcn,squat,010101,42,val,exact_match,0.21818181818181817
tcn,squat,010101,42,test,macro_f1,0.2286096256684492
tcn,squat,010101,42,test,micro_f1,0.3888888888888889
tcn,squat,010101,42,test,bit_accuracy,0.5111111111111111
tcn,squat,010101,42,test,exact_match,0.0
tcn,squat,010101,7,val,macro_f1,0.5113593785234325
tcn,squat,010101,7,val,micro_f1,0.6058631921824105
tcn,squat,010101,7,val,bit_accuracy,0.6333333333333333
tcn,squat,010101,7,val,exact_match,0.03636363636363636
tcn,squat,010101,7,test,macro_f1,0.4823481116584565
tcn,squat,010101,7,test,micro_f1,0.8842105263157894
tcn,squat,010101,7,test,bit_accuracy,0.8777777777777778
tcn,squat,010101,7,test,exact_match,0.4666666666666667
tcn,squat,100001,123,val,macro_f1,0.5210170104157446
tcn,squat,100001,123,val,micro_f1,0.5789473684210527
tcn,squat,100001,123,val,bit_accuracy,0.5733333333333334
tcn,squat,100001,123,val,exact_match,0.02
tcn,squat,100001,123,test,macro_f1,0.26119471044231646
tcn,squat,100001,123,test,micro_f1,0.5095057034220533
tcn,squat,100001,123,test,bit_accuracy,0.5865384615384616
tcn,squat,100001,123,test,exact_match,0.17307692307692307
tcn,squat,100001,42,val,macro_f1,0.5816075272597011
tcn,squat,100001,42,val,micro_f1,0.6550218340611353
tcn,squat,100001,42,val,bit_accuracy,0.7366666666666667
tcn,squat,100001,42,val,exact_match,0.24
tcn,squat,100001,42,test,macro_f1,0.2802889576883385
tcn,squat,100001,42,test,micro_f1,0.6229508196721312
tcn,squat,100001,42,test,bit_accuracy,0.7051282051282052
tcn,squat,100001,42,test,exact_match,0.038461538461538464
tcn,squat,100001,7,val,macro_f1,0.4716394773198998
tcn,squat,100001,7,val,micro_f1,0.5627118644067797
tcn,squat,100001,7,val,bit_accuracy,0.57
tcn,squat,100001,7,val,exact_match,0.1
tcn,squat,100001,7,test,macro_f1,0.31803786806818946
tcn,squat,100001,7,test,micro_f1,0.6909090909090909
tcn,squat,100001,7,test,bit_accuracy,0.7275641025641025
tcn,squat,100001,7,test,exact_match,0.038461538461538464
tcn,squat,100101,123,val,macro_f1,0.5989752160638236
tcn,squat,100101,123,val,micro_f1,0.6933333333333334
tcn,squat,100101,123,val,bit_accuracy,0.77
tcn,squat,100101,123,val,exact_match,0.22
tcn,squat,100101,123,test,macro_f1,0.33096377306903624
tcn,squat,100101,123,test,micro_f1,0.7096774193548387
tcn,squat,100101,123,test,bit_accuracy,0.75
tcn,squat,100101,123,test,exact_match,0.0
tcn,squat,100101,42,val,macro_f1,0.5438244730566655
tcn,squat,100101,42,val,micro_f1,0.5982905982905983
tcn,squat,100101,42,val,bit_accuracy,0.6866666666666666
tcn,squat,100101,42,val,exact_match,0.18
tcn,squat,100101,42,test,macro_f1,0.3317914061652994
tcn,squat,100101,42,test,micro_f1,0.6185567010309279
tcn,squat,100101,42,test,bit_accuracy,0.6574074074074074
tcn,squat,100101,42,test,exact_match,0.0
tcn,squat,100101,7,val,macro_f1,0.5493223313529518
tcn,squat,100101,7,val,micro_f1,0.6120689655172413
tcn,squat,100101,7,val,bit_accuracy,0.7
tcn,squat,100101,7,val,exact_match,0.18
tcn,squat,100101,7,test,macro_f1,0.3198212923613381
tcn,squat,100101,7,test,micro_f1,0.6888888888888889
tcn,squat,100101,7,test,bit_accuracy,0.7407407407407407
tcn,squat,100101,7,test,exact_match,0.0
tcn,squat,101001,123,val,macro_f1,0.47986322220533345
tcn,squat,101001,123,val,micro_f1,0.5394190871369294
tcn,squat,101001,123,val,bit_accuracy,0.6574074074074074
tcn,squat,101001,123,val,exact_match,0.1111111111111111
tcn,squat,101001,123,test,macro_f1,0.36062943601513026
tcn,squat,101001,123,test,micro_f1,0.6865671641791045
tcn,squat,101001,123,test,bit_accuracy,0.72
tcn,squat,101001,123,test,exact_match,0.0
tcn,squat,101001,42,val,macro_f1,0.4916121922458241
tcn,squat,101001,42,val,micro_f1,0.6170212765957447
tcn,squat,101001,42,val,bit_accuracy,0.6727272727272727
tcn,squat,101001,42,val,exact_match,0.21818181818181817
tcn,squat,101001,42,test,macro_f1,0.3255178087495161
tcn,squat,101001,42,test,micro_f1,0.6363636363636364
tcn,squat,101001,42,test,bit_accuracy,0.68
tcn,squat,101001,42,test,exact_match,0.04
tcn,squat,101001,7,val,macro_f1,0.4249207090243505
tcn,squat,101001,7,val,micro_f1,0.5619834710743802
tcn,squat,101001,7,val,bit_accuracy,0.6787878787878788
tcn,squat,101001,7,val,exact_match,0.23636363636363636
tcn,squat,101001,7,test,macro_f1,0.27717391304347827
tcn,squat,101001,7,test,micro_f1,0.6101694915254238
tcn,squat,101001,7,test,bit_accuracy,0.6933333333333334
tcn,squat,101001,7,test,exact_match,0.0
transformer,deadlift,00000,123,val,macro_f1,0.6097619127874968
transformer,deadlift,00000,123,val,micro_f1,0.6293706293706294
transformer,deadlift,00000,123,val,bit_accuracy,0.6882352941176471
transformer,deadlift,00000,123,val,exact_match,0.029411764705882353
transformer,deadlift,00000,123,test,macro_f1,0.0
transformer,deadlift,00000,123,test,micro_f1,0.0
transformer,deadlift,00000,123,test,bit_accuracy,0.6231884057971014
transformer,deadlift,00000,123,test,exact_match,0.043478260869565216
transformer,deadlift,00000,42,val,macro_f1,0.5825458741416188
transformer,deadlift,00000,42,val,micro_f1,0.5987261146496815
transformer,deadlift,00000,42,val,bit_accuracy,0.6294117647058823
transformer,deadlift,00000,42,val,exact_match,0.0
transformer,deadlift,00000,42,test,macro_f1,0.0
transformer,deadlift,00000,42,test,micro_f1,0.0
transformer,deadlift,00000,42,test,bit_accuracy,0.4927536231884058
transformer,deadlift,00000,42,test,exact_match,0.0
transformer,deadlift,00000,7,val,macro_f1,0.5964458637052836
transformer,deadlift,00000,7,val,micro_f1,0.6369426751592356
transformer,deadlift,00000,7,val,bit_accuracy,0.6647058823529411
transformer,deadlift,00000,7,val,exact_match,0.11764705882352941
transformer,deadlift,00000,7,test,macro_f1,0.0
transformer,deadlift,00000,7,test,micro_f1,0.0
transformer,deadlift,00000,7,test,bit_accuracy,0.527536231884058
transformer,deadlift,00000,7,test,exact_match,0.0
transformer,deadlift,00010,123,val,macro_f1,0.4647838370320806
transformer,deadlift,00010,123,val,micro_f1,0.497737556561086
transformer,deadlift,00010,123,val,bit_accuracy,0.4307692307692308
transformer,deadlift,00010,123,val,exact_match,0.23076923076923078
transformer,deadlift,00010,123,test,macro_f1,0.1984732824427481
transformer,deadlift,00010,123,test,micro_f1,0.3834808259587021
transformer,deadlift,00010,123,test,bit_accuracy,0.36666666666666664
transformer,deadlift,00010,123,test,exact_match,0.0
transformer,deadlift,00010,42,val,macro_f1,0.35829809052251954
transformer,deadlift,00010,42,val,micro_f1,0.39285714285714285
transformer,deadlift,00010,42,val,bit_accuracy,0.47692307692307695
transformer,deadlift,00010,42,val,exact_match,0.0
transformer,deadlift,00010,42,test,macro_f1,0.17627118644067796
transformer,deadlift,00010,42,test,micro_f1,0.4425531914893617
transformer,deadlift,00010,42,test,bit_accuracy,0.603030303030303
transformer,deadlift,00010,42,test,exact_match,0.0
transformer,deadlift,00010,7,val,macro_f1,0.4297740976732573
transformer,deadlift,00010,7,val,micro_f1,0.46078431372549017
transformer,deadlift,00010,7,val,bit_accuracy,0.4358974358974359
transformer,deadlift,00010,7,val,exact_match,0.15384615384615385
transformer,deadlift,00010,7,test,macro_f1,0.1984732824427481
transformer,deadlift,00010,7,test,micro_f1,0.4262295081967213
transformer,deadlift,00010,7,test,bit_accuracy,0.4696969696969697
transformer,deadlift,00010,7,test,exact_match,0.0
transformer,deadlift,00100,123,val,macro_f1,0.3611018826135105
transformer,deadlift,00100,123,val,micro_f1,0.43478260869565216
transformer,deadlift,00100,123,val,bit_accuracy,0.6127659574468085
transformer,deadlift,00100,123,val,exact_match,0.02127659574468085
transformer,deadlift,00100,123,test,macro_f1,0.017391304347826087
transformer,deadlift,00100,123,test,micro_f1,0.03278688524590164
transformer,deadlift,00100,123,test,bit_accuracy,0.4636363636363636
transformer,deadlift,00100,123,test,exact_match,0.045454545454545456
transformer,deadlift,00100,42,val,macro_f1,0.3625634725634726
transformer,deadlift,00100,42,val,micro_f1,0.5168539325842697
transformer,deadlift,00100,42,val,bit_accuracy,0.6340425531914894
transformer,deadlift,00100,42,val,exact_match,0.02127659574468085
transformer,deadlift,00100,42,test,macro_f1,0.048
transformer,deadlift,00100,42,test,micro_f1,0.08823529411764706
transformer,deadlift,00100,42,test,bit_accuracy,0.43636363636363634
transformer,deadlift,00100,42,test,exact_match,0.0
transformer,deadlift,00100,7,val,macro_f1,0.35443555642799884
transformer,deadlift,00100,7,val,micro_f1,0.5176470588235295
transformer,deadlift,00100,7,val,bit_accuracy,0.6510638297872341
transformer,deadlift,00100,7,val,exact_match,0.06382978723404255
transformer,deadlift,00100,7,test,macro_f1,0.017391304347826087
transformer,deadlift,00100,7,test,micro_f1,0.03076923076923077
transformer,deadlift,00100,7,test,bit_accuracy,0.42727272727272725
transformer,deadlift,00100,7,test,exact_match,0.045454545454545456
transformer,deadlift,00110,123,val,macro_f1,0.3032527960385896
transformer,deadlift,00110,123,val,micro_f1,0.42028985507246375
transformer,deadlift,00110,123,val,bit_accuracy,0.6666666666666666
transformer,deadlift,00110,123,val,exact_match,0.16666666666666666
transformer,deadlift,00110,123,test,macro_f1,0.3239766081871345
transformer,deadlift,00110,123,test,micro_f1,0.6923076923076923
transformer,deadlift,00110,123,test,bit_accuracy,0.7575757575757576
transformer,deadlift,00110,123,test,exact_match,0.06060606060606061
transformer,deadlift,00110,42,val,macro_f1,0.35014552151598155
transformer,deadlift,00110,42,val,micro_f1,0.4722222222222222
transformer,deadlift,00110,42,val,bit_accuracy,0.525
transformer,deadlift,00110,42,val,exact_match,0.0
transformer,deadlift,00110,42,test,macro_f1,0.39692307692307693
transformer,deadlift,00110,42,test,micro_f1,0.7602339181286549
transformer,deadlift,00110,42,test,bit_accuracy,0.7515151515151515
transformer,deadlift,00110,42,test,exact_match,0.0
transformer,deadlift,00110,7,val,macro_f1,0.4153244916003537
transformer,deadlift,00110,7,val,micro_f1,0.4807692307692308
transformer,deadlift,00110,7,val,bit_accuracy,0.55
transformer,deadlift,00110,7,val,exact_match,0.0
transformer,deadlift,00110,7,test,macro_f1,0.336
transformer,deadlift,00110,7,test,micro_f1,0.7518796992481203
transformer,deadlift,00110,7,test,bit_accuracy,0.8
transformer,deadlift,00110,7,test,exact_match,0.2727272727272727
transformer,deadlift,11110,123,val,macro_f1,0.5118550106609808
transformer,deadlift,11110,123,val,micro_f1,0.6492146596858639
transformer,deadlift,11110,123,val,bit_accuracy,0.7423076923076923
transformer,deadlift,11110,123,val,exact_match,0.19230769230769232
transformer,deadlift,11110,123,test,macro_f1,0.19533799533799534
transformer,deadlift,11110,123,test,micro_f1,0.2608695652173913
transformer,deadlift,11110,123,test,bit_accuracy,0.32
transformer,deadlift,11110,123,test,exact_match,0.0
transformer,deadlift,11110,42,val,macro_f1,0.40287833081950736
transformer,deadlift,11110,42,val,micro_f1,0.5028571428571429
transformer,deadlift,11110,42,val,bit_accuracy,0.6653846153846154
transformer,deadlift,11110,42,val,exact_match,0.07692307692307693
transformer,deadlift,11110,42,test,macro_f1,0.303030303030303
transformer,deadlift,11110,42,test,micro_f1,0.39215686274509803
transformer,deadlift,11110,42,test,bit_accuracy,0.38
transformer,deadlift,11110,42,test,exact_match,0.0
transformer,deadlift,11110,7,val,macro_f1,0.4655699864742776
transformer,deadlift,11110,7,val,micro_f1,0.6210526315789474
transformer,deadlift,11110,7,val,bit_accuracy,0.7230769230769231
transformer,deadlift,11110,7,val,exact_match,0.11538461538461539
transformer,deadlift,11110,7,test,macro_f1,0.33526473526473527
transformer,deadlift,11110,7,test,micro_f1,0.43137254901960786
transformer,deadlift,11110,7,test,bit_accuracy,0.42
transformer,deadlift,11110,7,test,exact_match,0.0
transformer,squat,000000,123,val,macro_f1,0.5490648339641613
transformer,squat,000000,123,val,micro_f1,0.6215384615384615
transformer,squat,000000,123,val,bit_accuracy,0.6203703703703703
transformer,squat,000000,123,val,exact_match,0.09259259259259259
transformer,squat,000000,123,test,macro_f1,0.0
transformer,squat,000000,123,test,micro_f1,0.0
transformer,squat,000000,123,test,bit_accuracy,0.5980392156862745
transformer,squat,000000,123,test,exact_match,0.0
transformer,squat,000000,42,val,macro_f1,0.535824379363825
transformer,squat,000000,42,val,micro_f1,0.6586102719033232
transformer,squat,000000,42,val,bit_accuracy,0.6512345679012346
transformer,squat,000000,42,val,exact_match,0.07407407407407407
transformer,squat,000000,42,test,macro_f1,0.0
transformer,squat,000000,42,test,micro_f1,0.0
transformer,squat,000000,42,test,bit_accuracy,0.46078431372549017
transformer,squat,000000,42,test,exact_match,0.0
transformer,squat,000000,7,val,macro_f1,0.5191176470588236
transformer,squat,000000,7,val,micro_f1,0.6597938144329897
transformer,squat,000000,7,val,bit_accuracy,0.6944444444444444
transformer,squat,000000,7,val,exact_match,0.12962962962962962
transformer,squat,000000,7,test,macro_f1,0.0
transformer,squat,000000,7,test,micro_f1,0.0
transformer,squat,000000,7,test,bit_accuracy,0.7058823529411765
transformer,squat,000000,7,test,exact_match,0.0
transformer,squat,000001,123,val,macro_f1,0.47289987938725114
transformer,squat,000001,123,val,micro_f1,0.5164319248826291
transformer,squat,000001,123,val,bit_accuracy,0.6496598639455783
transformer,squat,000001,123,val,exact_match,0.10204081632653061
transformer,squat,000001,123,test,macro_f1,0.10416666666666667
transformer,squat,000001,123,test,micro_f1,0.3184713375796178
transformer,squat,000001,123,test,bit_accuracy,0.6757575757575758
transformer,squat,000001,123,test,exact_match,0.03636363636363636
transformer,squat,000001,42,val,macro_f1,0.5660981328492493
transformer,squat,000001,42,val,micro_f1,0.5947955390334573
transformer,squat,000001,42,val,bit_accuracy,0.6292517006802721
transformer,squat,000001,42,val,exact_match,0.1836734693877551
transformer,squat,000001,42,test,macro_f1,0.16666666666666666
transformer,squat,000001,42,test,micro_f1,0.4888888888888889
transformer,squat,000001,42,test,bit_accuracy,0.6515151515151515
transformer,squat,000001,42,test,exact_match,0.0
transformer,squat,000001,7,val,macro_f1,0.571792995232643
transformer,squat,000001,7,val,micro_f1,0.6141732283464567
transformer,squat,000001,7,val,bit_accuracy,0.6666666666666666
transformer,squat,000001,7,val,exact_match,0.12244897959183673
transformer,squat,000001,7,test,macro_f1,0.12015503875968991
transformer,squat,000001,7,test,micro_f1,0.33879781420765026
transformer,squat,000001,7,test,bit_accuracy,0.6333333333333333
transformer,squat,000001,7,test,exact_match,0.0
transformer,squat,000101,123,val,macro_f1,0.45133840549046833
transformer,squat,000101,123,val,micro_f1,0.5467625899280576
transformer,squat,000101,123,val,bit_accuracy,0.6111111111111112
transformer,squat,000101,123,val,exact_match,0.09259259259259259
transformer,squat,000101,123,test,macro_f1,0.26558265582655827
transformer,squat,000101,123,test,micro_f1,0.5357142857142857
transformer,squat,000101,123,test,bit_accuracy,0.6060606060606061
transformer,squat,000101,123,test,exact_match,0.0
transformer,squat,000101,42,val,macro_f1,0.49303350970017634
transformer,squat,000101,42,val,micro_f1,0.5886792452830188
transformer,squat,000101,42,val,bit_accuracy,0.6635802469135802
transformer,squat,000101,42,val,exact_match,0.16666666666666666
transformer,squat,000101,42,test,macro_f1,0.2698412698412698
transformer,squat,000101,42,test,micro_f1,0.6078431372549019
transformer,squat,000101,42,test,bit_accuracy,0.696969696969697
transformer,squat,000101,42,test,exact_match,0.13636363636363635
transformer,squat,000101,7,val,macro_f1,0.4617267569160961
transformer,squat,000101,7,val,micro_f1,0.5969230769230769
transformer,squat,000101,7,val,bit_accuracy,0.595679012345679
transformer,squat,000101,7,val,exact_match,0.037037037037037035
transformer,squat,000101,7,test,macro_f1,0.2754860123281176
transformer,squat,000101,7,test,micro_f1,0.5636363636363636
transformer,squat,000101,7,test,bit_accuracy,0.6363636363636364
transformer,squat,000101,7,test,exact_match,0.0
transformer,squat,010101,123,val,macro_f1,0.49023521476946846
transformer,squat,010101,123,val,micro_f1,0.5887445887445888
transformer,squat,010101,123,val,bit_accuracy,0.7121212121212122
transformer,squat,010101,123,val,exact_match,0.2545454545454545
transformer,squat,010101,123,test,macro_f1,0.3650793650793651
transformer,squat,010101,123,test,micro_f1,0.6823529411764706
transformer,squat,010101,123,test,bit_accuracy,0.7
transformer,squat,010101,123,test,exact_match,0.0
transformer,squat,010101,42,val,macro_f1,0.5430508601908196
transformer,squat,010101,42,val,micro_f1,0.6914498141263941
transformer,squat,010101,42,val,bit_accuracy,0.7484848484848485
transformer,squat,010101,42,val,exact_match,0.4
transformer,squat,010101,42,test,macro_f1,0.36680189317106154
transformer,squat,010101,42,test,micro_f1,0.7294117647058823
transformer,squat,010101,42,test,bit_accuracy,0.7444444444444445
transformer,squat,010101,42,test,exact_match,0.06666666666666667
transformer,squat,010101,7,val,macro_f1,0.4641633736346525
transformer,squat,010101,7,val,micro_f1,0.5725490196078431
transformer,squat,010101,7,val,bit_accuracy,0.6696969696969697
transformer,squat,010101,7,val,exact_match,0.2
transformer,squat,010101,7,test,macro_f1,0.4159420289855073
transformer,squat,010101,7,test,micro_f1,0.75
transformer,squat,010101,7,test,bit_accuracy,0.7555555555555555
transformer,squat,010101,7,test,exact_match,0.0
transformer,squat,100001,123,val,macro_f1,0.5680555555555555
transformer,squat,100001,123,val,micro_f1,0.608433734939759
transformer,squat,100001,123,val,bit_accuracy,0.5666666666666667
transformer,squat,100001,123,val,exact_match,0.02
transformer,squat,100001,123,test,macro_f1,0.3073397780164698
transformer,squat,100001,123,test,micro_f1,0.536144578313253
transformer,squat,100001,123,test,bit_accuracy,0.5064102564102564
transformer,squat,100001,123,test,exact_match,0.019230769230769232
transformer,squat,100001,42,val,macro_f1,0.5735910576351753
transformer,squat,100001,42,val,micro_f1,0.624
transformer,squat,100001,42,val,bit_accuracy,0.6866666666666666
transformer,squat,100001,42,val,exact_match,0.18
transformer,squat,100001,42,test,macro_f1,0.2939068100358423
transformer,squat,100001,42,test,micro_f1,0.5857142857142857
transformer,squat,100001,42,test,bit_accuracy,0.6282051282051282
transformer,squat,100001,42,test,exact_match,0.019230769230769232
transformer,squat,100001,7,val,macro_f1,0.5018514044095439
transformer,squat,100001,7,val,micro_f1,0.5823754789272031
transformer,squat,100001,7,val,bit_accuracy,0.6366666666666667
transformer,squat,100001,7,val,exact_match,0.18
transformer,squat,100001,7,test,macro_f1,0.2491756272401434
transformer,squat,100001,7,test,micro_f1,0.6095238095238096
transformer,squat,100001,7,test,bit_accuracy,0.7371794871794872
transformer,squat,100001,7,test,exact_match,0.0
transformer,squat,100101,123,val,macro_f1,0.5001951029167886
transformer,squat,100101,123,val,micro_f1,0.5526315789473685
transformer,squat,100101,123,val,bit_accuracy,0.66
transformer,squat,100101,123,val,exact_match,0.16
transformer,squat,100101,123,test,macro_f1,0.29779382674310706
transformer,squat,100101,123,test,micro_f1,0.5297297297297298
transformer,squat,100101,123,test,bit_accuracy,0.5972222222222222
transformer,squat,100101,123,test,exact_match,0.0
transformer,squat,100101,42,val,macro_f1,0.4936791383219954
transformer,squat,100101,42,val,micro_f1,0.5643564356435643
transformer,squat,100101,42,val,bit_accuracy,0.7066666666666667
transformer,squat,100101,42,val,exact_match,0.06
transformer,squat,100101,42,test,macro_f1,0.277649359886202
transformer,squat,100101,42,test,micro_f1,0.5882352941176471
transformer,squat,100101,42,test,bit_accuracy,0.6759259259259259
transformer,squat,100101,42,test,exact_match,0.0
transformer,squat,100101,7,val,macro_f1,0.5689517854431515
transformer,squat,100101,7,val,micro_f1,0.6351931330472103
transformer,squat,100101,7,val,bit_accuracy,0.7166666666666667
transformer,squat,100101,7,val,exact_match,0.2
transformer,squat,100101,7,test,macro_f1,0.3510616367759225
transformer,squat,100101,7,test,micro_f1,0.6777777777777778
transformer,squat,100101,7,test,bit_accuracy,0.7314814814814815
transformer,squat,100101,7,test,exact_match,0.0
transformer,squat,101001,123,val,macro_f1,0.5597988691300873
transformer,squat,101001,123,val,micro_f1,0.6864406779661016
transformer,squat,101001,123,val,bit_accuracy,0.7716049382716049
transformer,squat,101001,123,val,exact_match,0.16666666666666666
transformer,squat,101001,123,test,macro_f1,0.30376951653547396
transformer,squat,101001,123,test,micro_f1,0.64
transformer,squat,101001,123,test,bit_accuracy,0.7
transformer,squat,101001,123,test,exact_match,0.0
transformer,squat,101001,42,val,macro_f1,0.5494739395106657
transformer,squat,101001,42,val,micro_f1,0.698961937716263
transformer,squat,101001,42,val,bit_accuracy,0.7363636363636363
transformer,squat,101001,42,val,exact_match,0.21818181818181817
transformer,squat,101001,42,test,macro_f1,0.3285711038370613
transformer,squat,101001,42,test,micro_f1,0.6524822695035462
transformer,squat,101001,42,test,bit_accuracy,0.6733333333333333
transformer,squat,101001,42,test,exact_match,0.0
transformer,squat,101001,7,val,macro_f1,0.3877551020408163
transformer,squat,101001,7,val,micro_f1,0.512396694214876
transformer,squat,101001,7,val,bit_accuracy,0.6424242424242425
transformer,squat,101001,7,val,exact_match,0.16363636363636364
transformer,squat,101001,7,test,macro_f1,0.2727411477411477
transformer,squat,101001,7,test,micro_f1,0.515625
transformer,squat,101001,7,test,bit_accuracy,0.5866666666666667
transformer,squat,101001,7,test,exact_match,0.0
