model,exercise,target,split,metric,value
fact,deadlift,00000,test,bit_accuracy,0.5690821256038647
fact,deadlift,00000,test,exact_match,0.014492753623188406
fact,deadlift,00000,test,macro_f1,0.0
fact,deadlift,00000,test,micro_f1,0.0
fact,deadlift,00000,val,bit_accuracy,0.6627450980392157
fact,deadlift,00000,val,exact_match,0.10784313725490197
fact,deadlift,00000,val,macro_f1,0.5253462157809984
fact,deadlift,00000,val,micro_f1,0.6121845529740266
fact,deadlift,00010,test,bit_accuracy,0.5888888888888889
fact,deadlift,00010,test,exact_match,0.005050505050505051
fact,deadlift,00010,test,macro_f1,0.14846363161734452
fact,deadlift,00010,test,micro_f1,0.36627264251978214
fact,deadlift,00010,val,bit_accuracy,0.6256410256410256
fact,deadlift,00010,val,exact_match,0.1452991452991453
fact,deadlift,00010,val,macro_f1,0.5227575030799281
fact,deadlift,00010,val,micro_f1,0.5389887244538407
fact,deadlift,00100,test,bit_accuracy,0.6303030303030303
fact,deadlift,00100,test,exact_match,0.015151515151515152
fact,deadlift,00100,test,macro_f1,0.13185185185185186
fact,deadlift,00100,test,micro_f1,0.34708994708994706
fact,deadlift,00100,val,bit_accuracy,0.6822695035460993
fact,deadlift,00100,val,exact_match,0.1276595744680851
fact,deadlift,00100,val,macro_f1,0.45085028713976083
fact,deadlift,00100,val,micro_f1,0.5678138063237416
fact,deadlift,00110,test,bit_accuracy,0.6727272727272728
fact,deadlift,00110,test,exact_match,0.050505050505050504
fact,deadlift,00110,test,macro_f1,0.2578128643271855
fact,deadlift,00110,test,micro_f1,0.5414406965602133
fact,deadlift,00110,val,bit_accuracy,0.7541666666666668
fact,deadlift,00110,val,exact_match,0.2152777777777778
fact,deadlift,00110,val,macro_f1,0.5188885976499383
fact,deadlift,00110,val,micro_f1,0.5391330943329024
fact,deadlift,11110,test,bit_accuracy,0.52
fact,deadlift,11110,test,exact_match,0.03333333333333333
fact,deadlift,11110,test,macro_f1,0.3997805313594787
fact,deadlift,11110,test,micro_f1,0.5637752368707045
fact,deadlift,11110,val,bit_accuracy,0.6948717948717947
fact,deadlift,11110,val,exact_match,0.1282051282051282
fact,deadlift,11110,val,macro_f1,0.4918160765056496
fact,deadlift,11110,val,micro_f1,0.6131378284196879
fact,squat,000000,test,bit_accuracy,0.6013071895424836
fact,squat,000000,test,exact_match,0.0
fact,squat,000000,test,macro_f1,0.0
fact,squat,000000,test,micro_f1,0.0
fact,squat,000000,val,bit_accuracy,0.8004115226337448
fact,squat,000000,val,exact_match,0.27777777777777773
fact,squat,000000,val,macro_f1,0.668097481913148
fact,squat,000000,val,micro_f1,0.7629931938571559
fact,squat,000001,test,bit_accuracy,0.6868686868686869
fact,squat,000001,test,exact_match,0.030303030303030304
fact,squat,000001,test,macro_f1,0.12299039392210771
fact,squat,000001,test,micro_f1,0.3926261691849111
fact,squat,000001,val,bit_accuracy,0.7528344671201813
fact,squat,000001,val,exact_match,0.2448979591836735
fact,squat,000001,val,macro_f1,0.6446306401928927
fact,squat,000001,val,micro_f1,0.6937566137566137
fact,squat,000101,test,bit_accuracy,0.7752525252525252
fact,squat,000101,test,exact_match,0.04545454545454545
fact,squat,000101,test,macro_f1,0.21280237400780697
fact,squat,000101,test,micro_f1,0.5993425278669942
fact,squat,000101,val,bit_accuracy,0.7767489711934156
fact,squat,000101,val,exact_match,0.2037037037037037
fact,squat,000101,val,macro_f1,0.610497889236351
fact,squat,000101,val,micro_f1,0.6931196282031581
fact,squat,010101,test,bit_accuracy,0.5925925925925926
fact,squat,010101,test,exact_match,0.08888888888888889
fact,squat,010101,test,macro_f1,0.27218835476548725
fact,squat,010101,test,micro_f1,0.519572906239573
fact,squat,010101,val,bit_accuracy,0.7535353535353536
fact,squat,010101,val,exact_match,0.2484848484848485
fact,squat,010101,val,macro_f1,0.6467098809829008
fact,squat,010101,val,micro_f1,0.6881867266591676
fact,squat,100001,test,bit_accuracy,0.7350427350427351
fact,squat,100001,test,exact_match,0.2371794871794872
fact,squat,100001,test,macro_f1,0.2781951530718798
fact,squat,100001,test,micro_f1,0.6495586594888211
fact,squat,100001,val,bit_accuracy,0.7433333333333333
fact,squat,100001,val,exact_match,0.13333333333333333
fact,squat,100001,val,macro_f1,0.6303469793567322
fact,squat,100001,val,micro_f1,0.6980717868542765
fact,squat,100101,test,bit_accuracy,0.7330246913580246
fact,squat,100101,test,exact_match,0.08333333333333333
fact,squat,100101,test,macro_f1,0.42032682345355105
fact,squat,100101,test,micro_f1,0.7331385063351954
fact,squat,100101,val,bit_accuracy,0.6888888888888888
fact,squat,100101,val,exact_match,0.18666666666666668
fact,squat,100101,val,macro_f1,0.5132004357001173
fact,squat,100101,val,micro_f1,0.5875477687429157
fact,squat,101001,test,bit_accuracy,0.6822222222222223
fact,squat,101001,test,exact_match,0.013333333333333334
fact,squat,101001,test,macro_f1,0.3507661176728014
fact,squat,101001,test,micro_f1,0.6593086011571936
fact,squat,101001,val,bit_accuracy,0.7511223344556678
fact,squat,101001,val,exact_match,0.20785634118967453
fact,squat,101001,val,macro_f1,0.5985208424345134
fact,squat,101001,val,micro_f1,0.6793168838955953
gru,deadlift,00000,test,bit_accuracy,0.5855072463768116
gru,deadlift,00000,test,exact_match,0.0
gru,deadlift,00000,test,macro_f1,0.0
gru,deadlift,00000,test,micro_f1,0.0
gru,deadlift,00000,val,bit_accuracy,0.6941176470588236
gru,deadlift,00000,val,exact_match,0.0980392156862745
gru,deadlift,00000,val,macro_f1,0.5585185855546696
gru,deadlift,00000,val,micro_f1,0.6321732652192423
gru,deadlift,00010,test,bit_accuracy,0.48484848484848486
gru,deadlift,00010,test,exact_match,0.005050505050505051
gru,deadlift,00010,test,macro_f1,0.15895652173913044
gru,deadlift,00010,test,micro_f1,0.34906260046781723
gru,deadlift,00010,val,bit_accuracy,0.46666666666666673
gru,deadlift,00010,val,exact_match,0.08547008547008546
gru,deadlift,00010,val,macro_f1,0.34018117205744464
gru,deadlift,00010,val,micro_f1,0.3934461564990331
gru,deadlift,00100,test,bit_accuracy,0.4090909090909091
gru,deadlift,00100,test,exact_match,0.0
gru,deadlift,00100,test,macro_f1,0.07675533661740558
gru,deadlift,00100,test,micro_f1,0.14341281921190596
gru,deadlift,00100,val,bit_accuracy,0.6354609929078014
gru,deadlift,00100,val,exact_match,0.06382978723404255
gru,deadlift,00100,val,macro_f1,0.34702373738426867
gru,deadlift,00100,val,micro_f1,0.4773633176994522
gru,deadlift,00110,test,bit_accuracy,0.6969696969696969
gru,deadlift,00110,test,exact_match,0.12121212121212122
gru,deadlift,00110,test,macro_f1,0.287528600118764
gru,deadlift,00110,test,micro_f1,0.5995322178528285
gru,deadlift,00110,val,bit_accuracy,0.6138888888888889
gru,deadlift,00110,val,exact_match,0.07638888888888888
gru,deadlift,00110,val,macro_f1,0.362318257440633
gru,deadlift,00110,val,micro_f1,0.46034547152194216
gru,deadlift,11110,test,bit_accuracy,0.4666666666666666
gru,deadlift,11110,test,exact_match,0.0
gru,deadlift,11110,test,macro_f1,0.308095121253016
gru,deadlift,11110,test,micro_f1,0.48681955185140663
gru,deadlift,11110,val,bit_accuracy,0.6987179487179488
gru,deadlift,11110,val,exact_match,0.1794871794871795
gru,deadlift,11110,val,macro_f1,0.39783230717316914
gru,deadlift,11110,val,micro_f1,0.5875106695500844
gru,squat,000000,test,bit_accuracy,0.6274509803921569
gru,squat,000000,test,exact_match,0.0
gru,squat,000000,test,macro_f1,0.0
gru,squat,000000,test,micro_f1,0.0
gru,squat,000000,val,bit_accuracy,0.7119341563786007
gru,squat,000000,val,exact_match,0.19753086419753085
gru,squat,000000,val,macro_f1,0.5510193070038286
gru,squat,000000,val,micro_f1,0.6865716896077427
gru,squat,000001,test,bit_accuracy,0.6878787878787879
gru,squat,000001,test,exact_match,0.0
gru,squat,000001,test,macro_f1,0.1552950486911844
gru,squat,000001,test,micro_f1,0.48249350446931055
gru,squat,000001,val,bit_accuracy,0.6530612244897959
gru,squat,000001,val,exact_match,0.19047619047619047
gru,squat,000001,val,macro_f1,0.5339420482191336
gru,squat,000001,val,micro_f1,0.591753774680604
gru,squat,000101,test,bit_accuracy,0.702020202020202
gru,squat,000101,test,exact_match,0.07575757575757576
gru,squat,000101,test,macro_f1,0.2511433950293665
gru,squat,000101,test,micro_f1,0.5788190485531322
gru,squat,000101,val,bit_accuracy,0.6594650205761318
gru,squat,000101,val,exact_match,0.15432098765432098
gru,squat,000101,val,macro_f1,0.4688325256696107
gru,squat,000101,val,micro_f1,0.5748092528485728
gru,squat,010101,test,bit_accuracy,0.674074074074074
gru,squat,010101,test,exact_match,0.022222222222222223
gru,squat,010101,test,macro_f1,0.35904755955355655
gru,squat,010101,test,micro_f1,0.644327485380117
gru,squat,010101,val,bit_accuracy,0.6828282828282828
gru,squat,010101,val,exact_match,0.18787878787878787
gru,squat,010101,val,macro_f1,0.4970137645513166
gru,squat,010101,val,micro_f1,0.6059343542633516
gru,squat,100001,test,bit_accuracy,0.6047008547008547
gru,squat,100001,test,exact_match,0.0641025641025641
gru,squat,100001,test,macro_f1,0.2556936479679906
gru,squat,100001,test,micro_f1,0.5360896439776561
gru,squat,100001,val,bit_accuracy,0.6033333333333334
gru,squat,100001,val,exact_match,0.13333333333333333
gru,squat,100001,val,macro_f1,0.5001482263158769
gru,squat,100001,val,micro_f1,0.566179296772904
gru,squat,100101,test,bit_accuracy,0.6697530864197532
gru,squat,100101,test,exact_match,0.0
gru,squat,100101,test,macro_f1,0.3231256927161898
gru,squat,100101,test,micro_f1,0.6211667626175398
gru,squat,100101,val,bit_accuracy,0.7200000000000001
gru,squat,100101,val,exact_match,0.24666666666666667
gru,squat,100101,val,macro_f1,0.5677884759170462
gru,squat,100101,val,micro_f1,0.6412133845786376
gru,squat,101001,test,bit_accuracy,0.6644444444444445
gru,squat,101001,test,exact_match,0.02666666666666667
gru,squat,101001,test,macro_f1,0.30907365139958315
gru,squat,101001,test,micro_f1,0.6118523334107268
gru,squat,101001,val,bit_accuracy,0.6992330714552937
gru,squat,101001,val,exact_match,0.15230078563411895
gru,squat,101001,val,macro_f1,0.5064494601859865
gru,squat,101001,val,micro_f1,0.6225645082718986
ssm,deadlift,00000,test,bit_accuracy,0.6183574879227053
ssm,deadlift,00000,test,exact_match,0.004830917874396135
ssm,deadlift,00000,test,macro_f1,0.0
ssm,deadlift,00000,test,micro_f1,0.0
ssm,deadlift,00000,val,bit_accuracy,0.6921568627450979
ssm,deadlift,00000,val,exact_match,0.06862745098039215
ssm,deadlift,00000,val,macro_f1,0.5131148353189839
ssm,deadlift,00000,val,micro_f1,0.6123624823074176
ssm,deadlift,00010,test,bit_accuracy,0.5171717171717171
ssm,deadlift,00010,test,exact_match,0.020202020202020204
ssm,deadlift,00010,test,macro_f1,0.11185508424763657
ssm,deadlift,00010,test,micro_f1,0.24530265765906
ssm,deadlift,00010,val,bit_accuracy,0.582905982905983
ssm,deadlift,00010,val,exact_match,0.034188034188034185
ssm,deadlift,00010,val,macro_f1,0.3199409754592975
ssm,deadlift,00010,val,micro_f1,0.42983921405839215
ssm,deadlift,00100,test,bit_accuracy,0.5727272727272728
ssm,deadlift,00100,test,exact_match,0.0
ssm,deadlift,00100,test,macro_f1,0.1141304347826087
ssm,deadlift,00100,test,micro_f1,0.2813204010387109
ssm,deadlift,00100,val,bit_accuracy,0.6581560283687944
ssm,deadlift,00100,val,exact_match,0.07801418439716312
ssm,deadlift,00100,val,macro_f1,0.3493147642183756
ssm,deadlift,00100,val,micro_f1,0.4961718858678677
ssm,deadlift,00110,test,bit_accuracy,0.705050505050505
ssm,deadlift,00110,test,exact_match,0.11111111111111112
ssm,deadlift,00110,test,macro_f1,0.25493723544008173
ssm,deadlift,00110,test,micro_f1,0.5566032793755565
ssm,deadlift,00110,val,bit_accuracy,0.6291666666666665
ssm,deadlift,00110,val,exact_match,0.1527777777777778
ssm,deadlift,00110,val,macro_f1,0.34249275592132733
ssm,deadlift,00110,val,micro_f1,0.4319613072781537
ssm,deadlift,11110,test,bit_accuracy,0.3866666666666667
ssm,deadlift,11110,test,exact_match,0.0
ssm,deadlift,11110,test,macro_f1,0.22378376124506152
ssm,deadlift,11110,test,micro_f1,0.3530254206945936
ssm,deadlift,11110,val,bit_accuracy,0.673076923076923
ssm,deadlift,11110,val,exact_match,0.15384615384615385
ssm,deadlift,11110,val,macro_f1,0.3884758582658658
ssm,deadlift,11110,val,micro_f1,0.501159475797963
ssm,squat,000000,test,bit_accuracy,0.611111111111111
ssm,squat,000000,test,exact_match,0.0
ssm,squat,000000,test,macro_f1,0.0
ssm,squat,000000,test,micro_f1,0.0
ssm,squat,000000,val,bit_accuracy,0.6820987654320988
ssm,squat,000000,val,exact_match,0.16666666666666666
ssm,squat,000000,val,macro_f1,0.5365048139283646
ssm,squat,000000,val,micro_f1,0.6555469414201339
ssm,squat,000001,test,bit_accuracy,0.6171717171717171
ssm,squat,000001,test,exact_match,0.01818181818181818
ssm,squat,000001,test,macro_f1,0.15432098765432098
ssm,squat,000001,test,micro_f1,0.4476237106671889
ssm,squat,000001,val,bit_accuracy,0.6315192743764172
ssm,squat,000001,val,exact_match,0.10884353741496598
ssm,squat,000001,val,macro_f1,0.513609549294083
ssm,squat,000001,val,micro_f1,0.603129634123325
ssm,squat,000101,test,bit_accuracy,0.7070707070707071
ssm,squat,000101,test,exact_match,0.10606060606060606
ssm,squat,000101,test,macro_f1,0.2437494691898486
ssm,squat,000101,test,micro_f1,0.5817886309907586
ssm,squat,000101,val,bit_accuracy,0.661522633744856
ssm,squat,000101,val,exact_match,0.10493827160493825
ssm,squat,000101,val,macro_f1,0.48249203500369725
ssm,squat,000101,val,micro_f1,0.5945681993017339
ssm,squat,010101,test,bit_accuracy,0.725925925925926
ssm,squat,010101,test,exact_match,0.0
ssm,squat,010101,test,macro_f1,0.38556340564053815
ssm,squat,010101,test,micro_f1,0.7232272120317661
ssm,squat,010101,val,bit_accuracy,0.702020202020202
ssm,squat,010101,val,exact_match,0.2545454545454546
ssm,squat,010101,val,macro_f1,0.5059317330354086
ssm,squat,010101,val,micro_f1,0.6271069402153114
ssm,squat,100001,test,bit_accuracy,0.7126068376068376
ssm,squat,100001,test,exact_match,0.1217948717948718
ssm,squat,100001,test,macro_f1,0.2721876471067332
ssm,squat,100001,test,micro_f1,0.6208629024096909
ssm,squat,100001,val,bit_accuracy,0.6744444444444445
ssm,squat,100001,val,exact_match,0.12666666666666668
ssm,squat,100001,val,macro_f1,0.5223995132399136
ssm,squat,100001,val,micro_f1,0.6260615786117639
ssm,squat,100101,test,bit_accuracy,0.7037037037037037
ssm,squat,100101,test,exact_match,0.0
ssm,squat,100101,test,macro_f1,0.3121447972833488
ssm,squat,100101,test,micro_f1,0.6335968066389718
ssm,squat,100101,val,bit_accuracy,0.7399999999999999
ssm,squat,100101,val,exact_match,0.22666666666666668
ssm,squat,100101,val,macro_f1,0.5226464404589501
ssm,squat,100101,val,micro_f1,0.6252621656651348
ssm,squat,101001,test,bit_accuracy,0.6222222222222222
ssm,squat,101001,test,exact_match,0.02666666666666667
ssm,squat,101001,test,macro_f1,0.30378933723222484
ssm,squat,101001,test,micro_f1,0.57536632547504
ssm,squat,101001,val,bit_accuracy,0.6993265993265992
ssm,squat,101001,val,exact_match,0.23176206509539843
ssm,squat,101001,val,macro_f1,0.5135207667890673
ssm,squat,101001,val,micro_f1,0.6255646913541651
tcn,deadlift,00000,test,bit_accuracy,0.5594202898550725
tcn,deadlift,00000,test,exact_match,0.014492753623188406
tcn,deadlift,00000,test,macro_f1,0.0
tcn,deadlift,00000,test,micro_f1,0.0
tcn,deadlift,00000,val,bit_accuracy,0.680392156862745
tcn,deadlift,00000,val,exact_match,0.0196078431372549
tcn,deadlift,00000,val,macro_f1,0.5595215902075376
tcn,deadlift,00000,val,micro_f1,0.6200567503599922
tcn,deadlift,00010,test,bit_accuracy,0.5898989898989899
tcn,deadlift,00010,test,exact_match,0.010101010101010102
tcn,deadlift,00010,test,macro_f1,0.17967938586588394
tcn,deadlift,00010,test,micro_f1,0.44466338259441707
tcn,deadlift,00010,val,bit_accuracy,0.5162393162393163
tcn,deadlift,00010,val,exact_match,0.07692307692307693
tcn,deadlift,00010,val,macro_f1,0.37834578693106424
tcn,deadlift,00010,val,micro_f1,0.4212311643305795
tcn,deadlift,00100,test,bit_accuracy,0.5727272727272728
tcn,deadlift,00100,test,exact_match,0.0
tcn,deadlift,00100,test,macro_f1,0.09372549019607841
tcn,deadlift,00100,test,micro_f1,0.2220439586005399
tcn,deadlift,00100,val,bit_accuracy,0.6382978723404255
tcn,deadlift,00100,val,exact_match,0.05673758865248227
tcn,deadlift,00100,val,macro_f1,0.41477302592477244
tcn,deadlift,00100,val,micro_f1,0.46604383880892786
tcn,deadlift,00110,test,bit_accuracy,0.698989898989899
tcn,deadlift,00110,test,exact_match,0.010101010101010102
tcn,deadlift,00110,test,macro_f1,0.31263329263329265
tcn,deadlift,00110,test,micro_f1,0.6400054646213658
tcn,deadlift,00110,val,bit_accuracy,0.6166666666666667
tcn,deadlift,00110,val,exact_match,0.11805555555555557
tcn,deadlift,00110,val,macro_f1,0.37318532814520733
tcn,deadlift,00110,val,micro_f1,0.4447389237841781
tcn,deadlift,11110,test,bit_accuracy,0.4533333333333333
tcn,deadlift,11110,test,exact_match,0.0
tcn,deadlift,11110,test,macro_f1,0.32581321327451357
tcn,deadlift,11110,test,micro_f1,0.48015236842465847
tcn,deadlift,11110,val,bit_accuracy,0.7141025641025641
tcn,deadlift,11110,val,exact_match,0.14743589743589744
tcn,deadlift,11110,val,macro_f1,0.4355745164135654
tcn,deadlift,11110,val,micro_f1,0.582125829451397
tcn,squat,000000,test,bit_accuracy,0.5686274509803921
tcn,squat,000000,test,exact_match,0.0
tcn,squat,000000,test,macro_f1,0.0
tcn,squat,000000,test,micro_f1,0.0
tcn,squat,000000,val,bit_accuracy,0.647119341563786
tcn,squat,000000,val,exact_match,0.14814814814814814
tcn,squat,000000,val,macro_f1,0.5411684859273734
tcn,squat,000000,val,micro_f1,0.6482562439551687
tcn,squat,000001,test,bit_accuracy,0.6666666666666666
tcn,squat,000001,test,exact_match,0.0
tcn,squat,000001,test,macro_f1,0.15476949419904293
tcn,squat,000001,test,micro_f1,0.46522120412536755
tcn,squat,000001,val,bit_accuracy,0.626984126984127
tcn,squat,000001,val,exact_match,0.17006802721088435
tcn,squat,000001,val,macro_f1,0.5361151753529882
tcn,squat,000001,val,micro_f1,0.5659884855581577
tcn,squat,000101,test,bit_accuracy,0.6792929292929294
tcn,squat,000101,test,exact_match,0.0
tcn,squat,000101,test,macro_f1,0.25625763125763124
tcn,squat,000101,test,micro_f1,0.5651225836869401
tcn,squat,000101,val,bit_accuracy,0.6574074074074074
tcn,squat,000101,val,exact_match,0.09876543209876543
tcn,squat,000101,val,macro_f1,0.464539863812226
tcn,squat,000101,val,micro_f1,0.5904700925062046
tcn,squat,010101,test,bit_accuracy,0.6888888888888888
tcn,squat,010101,test,exact_match,0.15555555555555556
tcn,squat,010101,test,macro_f1,0.35878078423717374
tcn,squat,010101,test,micro_f1,0.6412339416144108
tcn,squat,010101,val,bit_accuracy,0.6969696969696969
tcn,squat,010101,val,exact_match,0.17575757575757575
tcn,squat,010101,val,macro_f1,0.5145216508581977
tcn,squat,010101,val,micro_f1,0.6170961901052981
tcn,squat,100001,test,bit_accuracy,0.673076923076923
tcn,squat,100001,test,exact_match,0.08333333333333333
tcn,squat,100001,test,macro_f1,0.2865071787329481
tcn,squat,100001,test,micro_f1,0.6077885380010918
tcn,squat,100001,val,bit_accuracy,0.6266666666666666
tcn,squat,100001,val,exact_match,0.12
tcn,squat,100001,val,macro_f1,0.5247546716651151
tcn,squat,100001,val,micro_f1,0.5988936889629892
tcn,squat,100101,test,bit_accuracy,0.7160493827160493
tcn,squat,100101,test,exact_match,0.0
tcn,squat,100101,test,macro_f1,0.32752549053189123
tcn,squat,100101,test,micro_f1,0.6723743364248852
tcn,squat,100101,val,bit_accuracy,0.7188888888888889
tcn,squat,100101,val,exact_match,0.19333333333333333
tcn,squat,100101,val,macro_f1,0.5640406734911471
tcn,squat,100101,val,micro_f1,0.6345642990470576
tcn,squat,101001,test,bit_accuracy,0.6977777777777777
tcn,squat,101001,test,exact_match,0.013333333333333334
tcn,squat,101001,test,macro_f1,0.3211070526027082
tcn,squat,101001,test,micro_f1,0.6443667640227215
tcn,squat,101001,val,bit_accuracy,0.6696408529741863
tcn,squat,101001,val,exact_match,0.18855218855218855
tcn,squat,101001,val,macro_f1,0.465465374491836
tcn,squat,101001,val,micro_f1,0.5728079449356848
transformer,deadlift,00000,test,bit_accuracy,0.5478260869565218
transformer,deadlift,00000,test,exact_match,0.014492753623188406
transformer,deadlift,00000,test,macro_f1,0.0
transformer,deadlift,00000,test,micro_f1,0.0
transformer,deadlift,00000,val,bit_accuracy,0.6607843137254902
transformer,deadlift,00000,val,exact_match,0.049019607843137254
transformer,deadlift,00000,val,macro_f1,0.5962512168781331
transformer,deadlift,00000,val,micro_f1,0.6216798063931822
transformer,deadlift,00010,test,bit_accuracy,0.47979797979797983
transformer,deadlift,00010,test,exact_match,0.0
transformer,deadlift,00010,test,macro_f1,0.19107258377539138
transformer,deadlift,00010,test,micro_f1,0.4174211752149284
transformer,deadlift,00010,val,bit_accuracy,0.4478632478632479
transformer,deadlift,00010,val,exact_match,0.12820512820512822
transformer,deadlift,00010,val,macro_f1,0.4176186750759525
transformer,deadlift,00010,val,micro_f1,0.45045967104790635
transformer,deadlift,00100,test,bit_accuracy,0.4424242424242424
transformer,deadlift,00100,test,exact_match,0.030303030303030304
transformer,deadlift,00100,test,macro_f1,0.02759420289855072
transformer,deadlift,00100,test,micro_f1,0.05059713671092649
transformer,deadlift,00100,val,bit_accuracy,0.6326241134751773
transformer,deadlift,00100,val,exact_match,0.035460992907801414
transformer,deadlift,00100,val,macro_f1,0.359366970534994
transformer,deadlift,00100,val,micro_f1,0.48976120003448376
transformer,deadlift,00110,test,bit_accuracy,0.7696969696969697
transformer,deadlift,00110,test,exact_match,0.1111111111111111
transformer,deadlift,00110,test,macro_f1,0.35229989503673714
transformer,deadlift,00110,test,micro_f1,0.7348071032281558
transformer,deadlift,00110,val,bit_accuracy,0.5805555555555556
transformer,deadlift,00110,val,exact_match,0.05555555555555555
transformer,deadlift,00110,val,macro_f1,0.35624093638497495
transformer,deadlift,00110,val,micro_f1,0.4577604360213056
transformer,deadlift,11110,test,bit_accuracy,0.37333333333333335
transformer,deadlift,11110,test,exact_match,0.0
transformer,deadlift,11110,test,macro_f1,0.27787767787767786
transformer,deadlift,11110,test,micro_f1,0.3614663256606991
transformer,deadlift,11110,val,bit_accuracy,0.7102564102564103
transformer,deadlift,11110,val,exact_match,0.12820512820512822
transformer,deadlift,11110,val,macro_f1,0.46010110931825526
transformer,deadlift,11110,val,micro_f1,0.5910414780406513
transformer,squat,000000,test,bit_accuracy,0.5882352941176471
transformer,squat,000000,test,exact_match,0.0
transformer,squat,000000,test,macro_f1,0.0
transformer,squat,000000,test,micro_f1,0.0
transformer,squat,000000,val,bit_accuracy,0.6553497942386831
transformer,squat,000000,val,exact_match,0.09876543209876543
transformer,squat,000000,val,macro_f1,0.53466895346227
transformer,squat,000000,val,micro_f1,0.6466475159582581
transformer,squat,000001,test,bit_accuracy,0.6535353535353535
transformer,squat,000001,test,exact_match,0.012121212121212121
transformer,squat,000001,test,macro_f1,0.1303294573643411
transformer,squat,000001,test,micro_f1,0.38205268022538563
transformer,squat,000001,val,bit_accuracy,0.6485260770975056
transformer,squat,000001,val,exact_match,0.1360544217687075
transformer,squat,000001,val,macro_f1,0.5369303358230478
transformer,squat,000001,val,micro_f1,0.5751335640875144
transformer,squat,000101,test,bit_accuracy,0.6464646464646465
transformer,squat,000101,test,exact_match,0.04545454545454545
transformer,squat,000101,test,macro_f1,0.2703033126653152
transformer,squat,000101,test,micro_f1,0.5690645955351837
transformer,squat,000101,val,bit_accuracy,0.6234567901234568
transformer,squat,000101,val,exact_match,0.09876543209876543
transformer,squat,000101,val,macro_f1,0.4686995573689136
transformer,squat,000101,val,micro_f1,0.5774549707113844
transformer,squat,010101,test,bit_accuracy,0.7333333333333334
transformer,squat,010101,test,exact_match,0.022222222222222223
transformer,squat,010101,test,macro_f1,0.38260776241197797
transformer,squat,010101,test,micro_f1,0.7205882352941176
transformer,squat,010101,val,bit_accuracy,0.7101010101010101
transformer,squat,010101,val,exact_match,0.28484848484848485
transformer,squat,010101,val,macro_f1,0.4991498161983135
transformer,squat,010101,val,micro_f1,0.6175811408262754
transformer,squat,100001,test,bit_accuracy,0.6239316239316239
transformer,squat,100001,test,exact_match,0.012820512820512822
transformer,squat,100001,test,macro_f1,0.2834740717641518
transformer,squat,100001,test,micro_f1,0.5771275578504494
transformer,squat,100001,val,bit_accuracy,0.63
transformer,squat,100001,val,exact_match,0.12666666666666668
transformer,squat,100001,val,macro_f1,0.5478326725334249
transformer,squat,100001,val,micro_f1,0.6049364046223208
transformer,squat,100101,test,bit_accuracy,0.66820987654321
transformer,squat,100101,test,exact_match,0.0
transformer,squat,100101,test,macro_f1,0.3088349411350772
transformer,squat,100101,test,micro_f1,0.5985809338750515
transformer,squat,100101,val,bit_accuracy,0.6944444444444445
transformer,squat,100101,val,exact_match,0.14
transformer,squat,100101,val,macro_f1,0.5209420088939786
transformer,squat,100101,val,micro_f1,0.5840603825460476
transformer,squat,101001,test,bit_accuracy,0.6533333333333333
transformer,squat,101001,test,exact_match,0.0
transformer,squat,101001,test,macro_f1,0.30169392270456097
transformer,squat,101001,test,micro_f1,0.6027024231678487
transformer,squat,101001,val,bit_accuracy,0.7167976056864945
transformer,squat,101001,val,exact_match,0.1828282828282828
transformer,squat,101001,val,macro_f1,0.49900930356052314
transformer,squat,101001,val,micro_f1,0.632599769965747
