model,exercise,target,seed,risk,n,error_rate,error_auprc,error_auroc,aurc,accuracy_at_80,accuracy_at_60
fact,deadlift,00000,123,confidence,345,0.463768115942029,0.7615561514402401,0.8390202702702703,0.20090217643921365,0.6014492753623188,0.748792270531401
fact,deadlift,00000,123,pressure,345,0.463768115942029,0.6153789443038683,0.5897972972972974,0.4127983789662834,0.605072463768116,0.5990338164251208
fact,deadlift,00000,123,combined,345,0.463768115942029,0.6893421655757177,0.7859797297297297,0.22948556092153635,0.5978260869565217,0.6859903381642511
fact,deadlift,00000,42,confidence,345,0.4115942028985507,0.6038375574816673,0.769270797196975,0.19526133438822732,0.6268115942028986,0.7536231884057971
fact,deadlift,00000,42,pressure,345,0.4115942028985507,0.589200004648732,0.5777076250607092,0.3933291755953575,0.6557971014492754,0.6521739130434783
fact,deadlift,00000,42,combined,345,0.4115942028985507,0.661654113843825,0.746999236800111,0.21664751140872857,0.6557971014492754,0.7004830917874396
fact,deadlift,00000,7,confidence,345,0.41739130434782606,0.6343575601477305,0.7784687672747375,0.19600029259678073,0.6340579710144927,0.7391304347826086
fact,deadlift,00000,7,pressure,345,0.41739130434782606,0.5577137123915609,0.5557110281923715,0.40261307659295503,0.644927536231884,0.6280193236714976
fact,deadlift,00000,7,combined,345,0.41739130434782606,0.6040023958917492,0.7261263128800443,0.22736847258853987,0.6304347826086957,0.6956521739130435
fact,deadlift,00010,123,confidence,330,0.4636363636363636,0.5080557935204684,0.5980207525571435,0.3426836053338829,0.5340909090909092,0.5656565656565656
fact,deadlift,00010,123,pressure,330,0.4636363636363636,0.7381053745914299,0.7680107824674127,0.24916469346236794,0.6098484848484849,0.6717171717171717
fact,deadlift,00010,123,combined,330,0.4636363636363636,0.7012531429978794,0.7093903474760903,0.31423188523542683,0.5984848484848485,0.6414141414141414
fact,deadlift,00010,42,confidence,330,0.38484848484848483,0.44334057959060547,0.5819789767658352,0.3618407189217351,0.6174242424242424,0.6868686868686869
fact,deadlift,00010,42,pressure,330,0.38484848484848483,0.5506670019294881,0.5886893448663745,0.3169773299703112,0.6515151515151515,0.6565656565656566
fact,deadlift,00010,42,combined,330,0.38484848484848483,0.7173156577870694,0.6780574841937862,0.3687360025968093,0.7386363636363636,0.7424242424242424
fact,deadlift,00010,7,confidence,330,0.38484848484848483,0.3990757240263544,0.5509095845777898,0.29955527479125843,0.625,0.6161616161616161
fact,deadlift,00010,7,pressure,330,0.38484848484848483,0.5588842102658517,0.6222993677514449,0.2950197471967306,0.6666666666666667,0.6767676767676767
fact,deadlift,00010,7,combined,330,0.38484848484848483,0.6514187734452314,0.7293355571932818,0.29549572605991486,0.6856060606060606,0.8282828282828283
fact,deadlift,00100,123,confidence,110,0.34545454545454546,0.5960822738585266,0.7668128654970761,0.16273642069631897,0.7386363636363636,0.803030303030303
fact,deadlift,00100,123,pressure,110,0.34545454545454546,0.5210204764109688,0.5893640350877194,0.3057336681117869,0.7386363636363636,0.7424242424242424
fact,deadlift,00100,123,combined,110,0.34545454545454546,0.5592315941084649,0.5990497076023392,0.32578536876356046,0.7386363636363636,0.7575757575757576
fact,deadlift,00100,42,confidence,110,0.4,0.5188280505707171,0.6584022038567493,0.2514443980348387,0.625,0.7121212121212122
fact,deadlift,00100,42,pressure,110,0.4,0.6350484006734006,0.7128099173553719,0.2562102630066863,0.7159090909090908,0.7272727272727273
fact,deadlift,00100,42,combined,110,0.4,0.7858171372381693,0.806473829201102,0.21895154410340736,0.7272727272727273,0.7878787878787878
fact,deadlift,00100,7,confidence,110,0.36363636363636365,0.5805409614992838,0.7321428571428572,0.19079356752295498,0.7045454545454546,0.7575757575757576
fact,deadlift,00100,7,pressure,110,0.36363636363636365,0.5361616161616162,0.6487499999999999,0.31675358778253704,0.7159090909090908,0.7575757575757576
fact,deadlift,00100,7,combined,110,0.36363636363636365,0.6549659761925258,0.7346428571428572,0.22760436493448857,0.7272727272727273,0.803030303030303
fact,deadlift,00110,123,confidence,165,0.40606060606060607,0.5271348673568998,0.6675296984465429,0.2548554233029302,0.6212121212121212,0.6666666666666667
fact,deadlift,00110,123,pressure,165,0.40606060606060607,0.6775452759250874,0.7865519342065184,0.24617847626524314,0.696969696969697,0.7676767676767677
fact,deadlift,00110,123,combined,165,0.40606060606060607,0.5640452271251217,0.6999695400548279,0.24463368263885982,0.6287878787878788,0.6565656565656566
fact,deadlift,00110,42,confidence,165,0.30303030303030304,0.4816555702346036,0.7297391304347827,0.14158643510141494,0.7348484848484849,0.8080808080808081
fact,deadlift,00110,42,pressure,165,0.30303030303030304,0.4265087263725911,0.6122608695652174,0.2629484052922849,0.7651515151515151,0.7777777777777778
fact,deadlift,00110,42,combined,165,0.30303030303030304,0.4308994336328151,0.6994782608695652,0.16122374287530294,0.7348484848484849,0.7878787878787878
fact,deadlift,00110,7,confidence,165,0.2727272727272727,0.4092080220506312,0.7103703703703704,0.14175188840847117,0.7727272727272727,0.8383838383838383
fact,deadlift,00110,7,pressure,165,0.2727272727272727,0.330953314711079,0.5525925925925925,0.248149241409377,0.7727272727272727,0.7575757575757576
fact,deadlift,00110,7,combined,165,0.2727272727272727,0.45513785743539525,0.6261111111111112,0.201733039047608,0.7651515151515151,0.7575757575757576
fact,deadlift,11110,123,confidence,50,0.38,0.6359758902328927,0.6027164685908319,0.4144129097311836,0.7,0.7333333333333334
fact,deadlift,11110,123,pressure,50,0.38,0.36598699546067964,0.43972835314091685,0.4495275389363948,0.6,0.5666666666666667
fact,deadlift,11110,123,combined,50,0.38,0.3413999965248429,0.4465195246179966,0.40808254828830587,0.575,0.5666666666666667
fact,deadlift,11110,42,confidence,50,0.48,0.4584407040911916,0.4310897435897435,0.6012049867368177,0.5,0.5666666666666667
fact,deadlift,11110,42,pressure,50,0.48,0.4278174603174603,0.4006410256410256,0.5422638762552967,0.475,0.4666666666666667
fact,deadlift,11110,42,combined,50,0.48,0.38605660939107683,0.3381410256410256,0.5426150670245828,0.44999999999999996,0.4
fact,deadlift,11110,7,confidence,50,0.58,0.5462967114621889,0.44334975369458135,0.669987955799365,0.375,0.43333333333333335
fact,deadlift,11110,7,pressure,50,0.58,0.5516121426466254,0.464696223316913,0.5762226013739068,0.375,0.4
fact,deadlift,11110,7,combined,50,0.58,0.5010650802947951,0.4039408866995074,0.646060557147084,0.32499999999999996,0.3666666666666667
fact,squat,000000,123,confidence,102,0.3431372549019608,0.5320000152880869,0.7189765458422175,0.22659561374864878,0.7037037037037037,0.819672131147541
fact,squat,000000,123,pressure,102,0.3431372549019608,0.5569773383929844,0.6168443496801705,0.26341509571467375,0.7037037037037037,0.7049180327868853
fact,squat,000000,123,combined,102,0.3431372549019608,0.4952407118147916,0.6899786780383795,0.19872185425294528,0.7037037037037037,0.7540983606557377
fact,squat,000000,42,confidence,102,0.43137254901960786,0.4944545023433091,0.6018808777429467,0.31665446034074973,0.5555555555555556,0.639344262295082
fact,squat,000000,42,pressure,102,0.43137254901960786,0.5848034112581635,0.6634012539184954,0.304090483435071,0.6419753086419753,0.6885245901639344
fact,squat,000000,42,combined,102,0.43137254901960786,0.5332230349067044,0.6700626959247649,0.2740320383786693,0.5925925925925926,0.6557377049180328
fact,squat,000000,7,confidence,102,0.4215686274509804,0.5971125702862733,0.6677177769018525,0.28769349253282783,0.6296296296296297,0.7049180327868853
fact,squat,000000,7,pressure,102,0.4215686274509804,0.715040556039188,0.7313756405202996,0.2609824211383568,0.6666666666666667,0.6557377049180328
fact,squat,000000,7,combined,102,0.4215686274509804,0.6219947929587912,0.753646038628301,0.21595990196537357,0.6296296296296297,0.7213114754098361
fact,squat,000001,123,confidence,330,0.3696969696969697,0.4758583898249318,0.5788146279949559,0.3922509265000094,0.6628787878787878,0.7474747474747474
fact,squat,000001,123,pressure,330,0.3696969696969697,0.7050859575665442,0.7991212168978562,0.21742741694509934,0.7310606060606061,0.8434343434343434
fact,squat,000001,123,combined,330,0.3696969696969697,0.704412325188982,0.7606793820933164,0.22943253392611251,0.7386363636363636,0.8282828282828283
fact,squat,000001,42,confidence,330,0.23030303030303031,0.3017395895335625,0.4642561127227517,0.34398044968807506,0.7992424242424243,0.797979797979798
fact,squat,000001,42,pressure,330,0.23030303030303031,0.3306067139046395,0.4900279734769996,0.23205065405789774,0.7954545454545454,0.7777777777777778
fact,squat,000001,42,combined,330,0.23030303030303031,0.3372458719326643,0.5228968089515127,0.2960770569569659,0.8068181818181819,0.7777777777777778
fact,squat,000001,7,confidence,330,0.3393939393939394,0.4388774939283655,0.5443152031454784,0.4030222619513737,0.7121212121212122,0.7222222222222222
fact,squat,000001,7,pressure,330,0.3393939393939394,0.517208562821183,0.6110337483617301,0.2921137418342833,0.7121212121212122,0.7272727272727273
fact,squat,000001,7,combined,330,0.3393939393939394,0.5821283371723277,0.6684960681520314,0.2859235628010955,0.7424242424242424,0.7575757575757576
fact,squat,000101,123,confidence,132,0.1590909090909091,0.2104476557875246,0.413985413985414,0.23329363343534934,0.8666666666666667,0.8354430379746836
fact,squat,000101,123,pressure,132,0.1590909090909091,0.14236926681948672,0.3232518232518232,0.22429816399091052,0.819047619047619,0.7721518987341772
fact,squat,000101,123,combined,132,0.1590909090909091,0.1759859139382975,0.2985842985842986,0.3321477241705173,0.8380952380952381,0.8227848101265822
fact,squat,000101,42,confidence,132,0.20454545454545456,0.44961382314819975,0.8328042328042328,0.05815519175761055,0.8380952380952381,0.9746835443037974
fact,squat,000101,42,pressure,132,0.20454545454545456,0.19459729361972797,0.38853615520282186,0.24909903801021518,0.7904761904761904,0.7341772151898734
fact,squat,000101,42,combined,132,0.20454545454545456,0.26736378755196744,0.5862433862433862,0.13758570578980758,0.8285714285714285,0.810126582278481
fact,squat,000101,7,confidence,132,0.3106060606060606,0.47034387137839484,0.6826588046100242,0.1977286756315035,0.7428571428571429,0.8354430379746836
fact,squat,000101,7,pressure,132,0.3106060606060606,0.4741949095724813,0.6874832484588582,0.2318293900670014,0.7428571428571429,0.8227848101265822
fact,squat,000101,7,combined,132,0.3106060606060606,0.5362758471724012,0.7083891718038059,0.20328037179272979,0.7523809523809524,0.8354430379746836
fact,squat,010101,123,confidence,90,0.36666666666666664,0.520962539618162,0.5598086124401914,0.42388648846500615,0.6805555555555556,0.7222222222222222
fact,squat,010101,123,pressure,90,0.36666666666666664,0.7735739271261541,0.8054226475279107,0.20598268667874495,0.7638888888888888,0.7777777777777778
fact,squat,010101,123,combined,90,0.36666666666666664,0.36164364633338997,0.5241892610313663,0.2763626497973004,0.5555555555555556,0.6111111111111112
fact,squat,010101,42,confidence,90,0.4444444444444444,0.6645720486992601,0.711,0.25737971980478885,0.5833333333333333,0.6666666666666667
fact,squat,010101,42,pressure,90,0.4444444444444444,0.5516451503920119,0.621,0.42400795870324315,0.6111111111111112,0.6111111111111112
fact,squat,010101,42,combined,90,0.4444444444444444,0.5864835918400033,0.7060000000000001,0.26416456329193977,0.5833333333333333,0.6666666666666667
fact,squat,010101,7,confidence,90,0.4111111111111111,0.49034142234918127,0.5058643549209587,0.4871950657784313,0.625,0.6481481481481481
fact,squat,010101,7,pressure,90,0.4111111111111111,0.5521354535701738,0.6058133605303417,0.33148184647990975,0.6388888888888888,0.6481481481481481
fact,squat,010101,7,combined,90,0.4111111111111111,0.5502092445725049,0.5639979602243754,0.43021439950564805,0.6388888888888888,0.6481481481481481
fact,squat,100001,123,confidence,312,0.3108974358974359,0.4801807304530883,0.7025173819228002,0.17828910873689144,0.7108433734939759,0.8074866310160428
fact,squat,100001,123,pressure,312,0.3108974358974359,0.34682243209521946,0.5581874850155838,0.3154031365754507,0.7188755020080322,0.7272727272727273
fact,squat,100001,123,combined,312,0.3108974358974359,0.46756475395736674,0.6787820666506832,0.18937396131013237,0.7309236947791165,0.7593582887700535
fact,squat,100001,42,confidence,312,0.3108974358974359,0.4297348001605817,0.6248381683049629,0.2418520480567129,0.7228915662650602,0.7486631016042781
fact,squat,100001,42,pressure,312,0.3108974358974359,0.37584102624739457,0.5399184847758332,0.30620937362696854,0.7188755020080322,0.7112299465240641
fact,squat,100001,42,combined,312,0.3108974358974359,0.42763447419478073,0.609062574922081,0.28800128345362114,0.7349397590361446,0.7754010695187166
fact,squat,100001,7,confidence,312,0.17307692307692307,0.45854450217627185,0.7411714039621017,0.08193878189189828,0.8995983935742972,0.9197860962566845
fact,squat,100001,7,pressure,312,0.17307692307692307,0.18739027209489414,0.5045578524260695,0.1652397709498421,0.8353413654618473,0.8288770053475936
fact,squat,100001,7,combined,312,0.17307692307692307,0.4391145460832724,0.7863192650014356,0.06816953016345297,0.9076305220883534,0.9251336898395722
fact,squat,100101,123,confidence,216,0.2777777777777778,0.4582877727764307,0.633974358974359,0.22976348059912755,0.7558139534883721,0.7906976744186046
fact,squat,100101,123,pressure,216,0.2777777777777778,0.3301614264336025,0.5044871794871795,0.27229816482791075,0.7325581395348837,0.7209302325581395
fact,squat,100101,123,combined,216,0.2777777777777778,0.3749310247996315,0.5199786324786325,0.27263472782865733,0.75,0.7364341085271318
fact,squat,100101,42,confidence,216,0.2824074074074074,0.4454082490559948,0.6979375991538869,0.1639038134921941,0.7441860465116279,0.8062015503875969
fact,squat,100101,42,pressure,216,0.2824074074074074,0.28801599536144806,0.4473294553146483,0.3253488298551527,0.7151162790697674,0.6744186046511628
fact,squat,100101,42,combined,216,0.2824074074074074,0.4136293607586943,0.6248545742993125,0.24232839127401185,0.75,0.7984496124031008
fact,squat,100101,7,confidence,216,0.24074074074074073,0.3314908245747906,0.5762195121951219,0.21254442420285186,0.7848837209302326,0.8217054263565892
fact,squat,100101,7,pressure,216,0.24074074074074073,0.26711036337685923,0.4872772045028143,0.24470668599705622,0.7790697674418605,0.7209302325581395
fact,squat,100101,7,combined,216,0.24074074074074073,0.3459552878918418,0.6095215759849906,0.17105566128722513,0.7848837209302326,0.7984496124031008
fact,squat,101001,123,confidence,150,0.3,0.30164011393169954,0.3646560846560847,0.47722206400970607,0.7,0.7
fact,squat,101001,123,pressure,150,0.3,0.49804854610410165,0.4943915343915344,0.29493819192769205,0.7416666666666667,0.6777777777777778
fact,squat,101001,123,combined,150,0.3,0.4315336923902011,0.5267724867724868,0.37944283891655267,0.7583333333333333,0.7444444444444445
fact,squat,101001,42,confidence,150,0.36666666666666664,0.47029875229502427,0.5768421052631579,0.4036243665943485,0.6666666666666667,0.7333333333333334
fact,squat,101001,42,pressure,150,0.36666666666666664,0.4255887809134838,0.48995215311004786,0.3490214715672319,0.6416666666666666,0.6111111111111112
fact,squat,101001,42,combined,150,0.36666666666666664,0.44612922509909747,0.52688995215311,0.4027835459489617,0.6666666666666667,0.6555555555555556
fact,squat,101001,7,confidence,150,0.2866666666666667,0.2887014843645265,0.40752010432514674,0.42535182404438093,0.7583333333333333,0.7111111111111111
fact,squat,101001,7,pressure,150,0.2866666666666667,0.3170504781257348,0.43892632036513807,0.33449639727505853,0.6916666666666667,0.6555555555555556
fact,squat,101001,7,combined,150,0.2866666666666667,0.3443795998065997,0.47815692240817215,0.38006452441143806,0.7583333333333333,0.7222222222222222
gru,deadlift,00000,123,confidence,345,0.4144927536231884,0.5269848028977362,0.677006162154677,0.24944182199954137,0.6231884057971014,0.642512077294686
gru,deadlift,00000,123,pressure,345,0.4144927536231884,0.7214913147692307,0.6571868725334071,0.3639793998869269,0.7065217391304348,0.7053140096618358
gru,deadlift,00000,123,combined,345,0.4144927536231884,0.49780687307398297,0.6645087585681644,0.2566375136522245,0.5978260869565217,0.6473429951690821
gru,deadlift,00000,42,confidence,345,0.4463768115942029,0.534225749394365,0.6373495614333311,0.30697607842737495,0.5760869565217391,0.6328502415458936
gru,deadlift,00000,42,pressure,345,0.4463768115942029,0.6602374606787935,0.60758482355341,0.4096960941208331,0.6485507246376812,0.6135265700483092
gru,deadlift,00000,42,combined,345,0.4463768115942029,0.6397131014985049,0.6724688923641804,0.2918311683483819,0.6086956521739131,0.6521739130434783
gru,deadlift,00000,7,confidence,345,0.3826086956521739,0.44097676821601206,0.5798833404467207,0.29819581776815307,0.644927536231884,0.6521739130434783
gru,deadlift,00000,7,pressure,345,0.3826086956521739,0.7594606452358167,0.7049189073836961,0.3284501883270417,0.7427536231884058,0.78743961352657
gru,deadlift,00000,7,combined,345,0.3826086956521739,0.40368009499670576,0.5553421539337032,0.3060379549640543,0.6304347826086957,0.6231884057971014
gru,deadlift,00010,123,confidence,330,0.6545454545454545,0.7252222723135748,0.6858958739441195,0.4347929666453366,0.33333333333333337,0.3737373737373737
gru,deadlift,00010,123,pressure,330,0.6545454545454545,0.8980739744014251,0.8712231968810916,0.41859995361192426,0.4204545454545454,0.5606060606060606
gru,deadlift,00010,123,combined,330,0.6545454545454545,0.9132479577401963,0.8907569850552306,0.35349471807156563,0.4204545454545454,0.5505050505050505
gru,deadlift,00010,42,confidence,330,0.37272727272727274,0.4380226411048501,0.6015474647500099,0.2569259437300242,0.6363636363636364,0.6464646464646464
gru,deadlift,00010,42,pressure,330,0.37272727272727274,0.6186763309097528,0.6681395074820313,0.25769363390805644,0.696969696969697,0.6767676767676767
gru,deadlift,00010,42,combined,330,0.37272727272727274,0.5326642301861355,0.6889752955500569,0.214758091719122,0.678030303030303,0.6919191919191919
gru,deadlift,00010,7,confidence,330,0.5181818181818182,0.5419073382924171,0.5783588951414174,0.385999309364339,0.4545454545454546,0.4797979797979798
gru,deadlift,00010,7,pressure,330,0.5181818181818182,0.841194849790188,0.8592261576372798,0.24300219951947474,0.5454545454545454,0.6818181818181819
gru,deadlift,00010,7,combined,330,0.5181818181818182,0.8593508418961849,0.8819375482731988,0.22023796980423666,0.5568181818181819,0.6818181818181819
gru,deadlift,00100,123,confidence,110,0.6818181818181818,0.7742438865995859,0.6533333333333333,0.5766580198172475,0.3522727272727273,0.36363636363636365
gru,deadlift,00100,123,pressure,110,0.6818181818181818,0.7873905073905073,0.6860952380952381,0.5665722929914868,0.38636363636363635,0.48484848484848486
gru,deadlift,00100,123,combined,110,0.6818181818181818,0.9240876723652398,0.8514285714285714,0.43125624978690746,0.3977272727272727,0.4545454545454546
gru,deadlift,00100,42,confidence,110,0.5363636363636364,0.7728661789050932,0.8720505151213028,0.23137673933058978,0.5,0.6666666666666667
gru,deadlift,00100,42,pressure,110,0.5363636363636364,0.9148285497897678,0.889498172150216,0.2918588300576137,0.5795454545454546,0.6666666666666667
gru,deadlift,00100,42,combined,110,0.5363636363636364,0.7357206228145066,0.7680292455965436,0.2878636085785894,0.5,0.5606060606060606
gru,deadlift,00100,7,confidence,110,0.5545454545454546,0.7203904949362151,0.7269989963198394,0.3627233366727178,0.48863636363636365,0.6060606060606061
gru,deadlift,00100,7,pressure,110,0.5545454545454546,0.878472451965286,0.8842422214787554,0.24875889574371654,0.5454545454545454,0.6666666666666667
gru,deadlift,00100,7,combined,110,0.5545454545454546,0.9432836266442499,0.9227166276346604,0.276910789995854,0.5454545454545454,0.7272727272727273
gru,deadlift,00110,123,confidence,165,0.3151515151515151,0.43897756946135363,0.6322328114363512,0.21755974616351795,0.7348484848484849,0.7575757575757576
gru,deadlift,00110,123,pressure,165,0.3151515151515151,0.4940646835509124,0.6567392784206944,0.24006225828193384,0.7954545454545454,0.7777777777777778
gru,deadlift,00110,123,combined,165,0.3151515151515151,0.6036419974024505,0.6671204901293397,0.22140873000719005,0.7878787878787878,0.7575757575757576
gru,deadlift,00110,42,confidence,165,0.2,0.2738029783776722,0.634297520661157,0.1269801840552667,0.8333333333333334,0.8585858585858586
gru,deadlift,00110,42,pressure,165,0.2,0.206377781525494,0.4589072543617999,0.23488035018424347,0.8181818181818181,0.7878787878787878
gru,deadlift,00110,42,combined,165,0.2,0.17899689619545694,0.4529384756657484,0.19235702590245526,0.803030303030303,0.7878787878787878
gru,deadlift,00110,7,confidence,165,0.3939393939393939,0.5704908457038953,0.7040000000000001,0.2347219766622058,0.6515151515151515,0.7171717171717171
gru,deadlift,00110,7,pressure,165,0.3939393939393939,0.7740025901258281,0.748,0.280544872509762,0.7575757575757576,0.7575757575757576
gru,deadlift,00110,7,combined,165,0.3939393939393939,0.7939500819544041,0.7990769230769231,0.192532683250806,0.7272727272727273,0.7777777777777778
gru,deadlift,11110,123,confidence,50,0.66,0.7467365706410922,0.6648841354723708,0.4701442005201223,0.375,0.3666666666666667
gru,deadlift,11110,123,pressure,50,0.66,0.6602877702877703,0.5303030303030303,0.6451537888055769,0.30000000000000004,0.33333333333333337
gru,deadlift,11110,123,combined,50,0.66,0.6253483450327955,0.5436720142602496,0.5084440664448774,0.25,0.33333333333333337
gru,deadlift,11110,42,confidence,50,0.42,0.33672170924383893,0.3513957307060755,0.4154946060784048,0.525,0.3666666666666667
gru,deadlift,11110,42,pressure,50,0.42,0.38089253296626574,0.06403940886699502,0.6935447253192847,0.475,0.33333333333333337
gru,deadlift,11110,42,combined,50,0.42,0.35158731292931844,0.34975369458128075,0.41768757384085636,0.525,0.3666666666666667
gru,deadlift,11110,7,confidence,50,0.52,0.574758763587057,0.6025641025641025,0.3815130358904764,0.525,0.5333333333333333
gru,deadlift,11110,7,pressure,50,0.52,0.4619987365575601,0.37099358974358976,0.5282377438342358,0.375,0.3666666666666667
gru,deadlift,11110,7,combined,50,0.52,0.4346434241460867,0.3894230769230769,0.49494272069940287,0.375,0.33333333333333337
gru,squat,000000,123,confidence,102,0.3137254901960784,0.47756269872267426,0.715625,0.16043979687998716,0.7654320987654322,0.7540983606557377
gru,squat,000000,123,pressure,102,0.3137254901960784,0.6395992007739614,0.5955357142857143,0.2749506946517363,0.7901234567901234,0.7213114754098361
gru,squat,000000,123,combined,102,0.3137254901960784,0.36995292576754046,0.4553571428571429,0.4399751183486643,0.7283950617283951,0.6885245901639344
gru,squat,000000,42,confidence,102,0.39215686274509803,0.3849240177794813,0.5165322580645162,0.3066073499812588,0.5802469135802469,0.540983606557377
gru,squat,000000,42,pressure,102,0.39215686274509803,0.6016708947730035,0.6330645161290323,0.30912882672619457,0.6790123456790124,0.6721311475409837
gru,squat,000000,42,combined,102,0.39215686274509803,0.6289183142363327,0.6362903225806451,0.3165152677843085,0.7037037037037037,0.6721311475409837
gru,squat,000000,7,confidence,102,0.4117647058823529,0.5708996848184416,0.7,0.2279859650153572,0.6049382716049383,0.6721311475409837
gru,squat,000000,7,pressure,102,0.4117647058823529,0.6021584950015537,0.6609126984126984,0.2802817569980822,0.6666666666666667,0.6885245901639344
gru,squat,000000,7,combined,102,0.4117647058823529,0.6152114742728395,0.6813492063492063,0.2797923342031731,0.654320987654321,0.6885245901639344
gru,squat,000001,123,confidence,330,0.3303030303030303,0.4800775191362068,0.6776537008593133,0.20199086093958604,0.7159090909090908,0.7626262626262627
gru,squat,000001,123,pressure,330,0.3303030303030303,0.5628869861396413,0.6378845116028062,0.27140301200522565,0.7159090909090908,0.7525252525252525
gru,squat,000001,123,combined,330,0.3303030303030303,0.4754243075891992,0.6078708124040019,0.23060925591241851,0.7121212121212122,0.6818181818181819
gru,squat,000001,42,confidence,330,0.30606060606060603,0.3910326945262411,0.6189632063643045,0.21723046986239528,0.7234848484848485,0.7525252525252525
gru,squat,000001,42,pressure,330,0.30606060606060603,0.6574217717546884,0.7669808465562713,0.16942432740183982,0.7575757575757576,0.8585858585858586
gru,squat,000001,42,combined,330,0.30606060606060603,0.5001212645718535,0.6771153097842536,0.21533814262340772,0.7424242424242424,0.7929292929292929
gru,squat,000001,7,confidence,330,0.3,0.4034292179914972,0.6403865494774585,0.19680709624476894,0.7386363636363636,0.7575757575757576
gru,squat,000001,7,pressure,330,0.3,0.3979312483436991,0.4895054440508986,0.2929617817177931,0.7007575757575757,0.6919191919191919
gru,squat,000001,7,combined,330,0.3,0.4624947380483445,0.7096943460579825,0.15904526638587496,0.75,0.803030303030303
gru,squat,000101,123,confidence,132,0.29545454545454547,0.4862570978448564,0.7069203198235456,0.1607574025333253,0.7333333333333334,0.810126582278481
gru,squat,000101,123,pressure,132,0.29545454545454547,0.4365953709995943,0.6774193548387097,0.20634217599982072,0.7523809523809524,0.810126582278481
gru,squat,000101,123,combined,132,0.29545454545454547,0.3505453497564327,0.6134546457127101,0.20486736898185015,0.7238095238095238,0.7974683544303798
gru,squat,000101,42,confidence,132,0.2803030303030303,0.4191600469142548,0.6961593172119488,0.15162342197906772,0.7333333333333334,0.8354430379746836
gru,squat,000101,42,pressure,132,0.2803030303030303,0.3446853978093367,0.60099573257468,0.2523192034980678,0.7333333333333334,0.810126582278481
gru,squat,000101,42,combined,132,0.2803030303030303,0.40481872686106657,0.7081081081081081,0.14392364521601925,0.7619047619047619,0.8227848101265822
gru,squat,000101,7,confidence,132,0.3181818181818182,0.5011116377875058,0.6838624338624338,0.19854684386384874,0.7619047619047619,0.7848101265822784
gru,squat,000101,7,pressure,132,0.3181818181818182,0.3927839078215018,0.5968253968253968,0.3225460059599971,0.7238095238095238,0.7215189873417722
gru,squat,000101,7,combined,132,0.3181818181818182,0.5220350037516144,0.7243386243386243,0.18436700988806298,0.7428571428571429,0.810126582278481
gru,squat,010101,123,confidence,90,0.28888888888888886,0.38367723603103665,0.5829326923076923,0.2137969541075269,0.7222222222222222,0.7592592592592593
gru,squat,010101,123,pressure,90,0.28888888888888886,0.45085988105545605,0.5883413461538461,0.2044030811147969,0.7638888888888888,0.7777777777777778
gru,squat,010101,123,combined,90,0.28888888888888886,0.286241157132232,0.43870192307692313,0.31315658725908074,0.6805555555555556,0.7037037037037037
gru,squat,010101,42,confidence,90,0.4,0.44034365911130485,0.5246913580246914,0.4043405830614756,0.6111111111111112,0.6481481481481481
gru,squat,010101,42,pressure,90,0.4,0.4557403123192597,0.5470679012345679,0.37687697327321845,0.625,0.5925925925925926
gru,squat,010101,42,combined,90,0.4,0.47608352218938776,0.5606995884773662,0.3352265412219502,0.625,0.6296296296296297
gru,squat,010101,7,confidence,90,0.28888888888888886,0.41082985370992253,0.6015625,0.19668735731220047,0.7222222222222222,0.7037037037037037
gru,squat,010101,7,pressure,90,0.28888888888888886,0.4358440170940171,0.6856971153846154,0.16976123607453614,0.7361111111111112,0.7962962962962963
gru,squat,010101,7,combined,90,0.28888888888888886,0.3127476852175676,0.5769230769230769,0.20216856072774264,0.6527777777777778,0.7962962962962963
gru,squat,100001,123,confidence,312,0.6538461538461539,0.5367341709392548,0.27441902687000724,0.7951280436460243,0.2811244979919679,0.23529411764705888
gru,squat,100001,123,pressure,312,0.6538461538461539,0.6576352943126976,0.5300018155410312,0.6712091320945311,0.3614457831325302,0.3743315508021391
gru,squat,100001,123,combined,312,0.6538461538461539,0.8020823995299715,0.7340232389251995,0.49470900208211116,0.3855421686746988,0.4919786096256684
gru,squat,100001,42,confidence,312,0.27884615384615385,0.39005972510100917,0.6483269476372925,0.18129688128136065,0.7670682730923695,0.7754010695187166
gru,squat,100001,42,pressure,312,0.27884615384615385,0.3513313832928219,0.48753512132822485,0.297535607857003,0.7228915662650602,0.7058823529411764
gru,squat,100001,42,combined,312,0.27884615384615385,0.3870363395317474,0.6599233716475096,0.1821633081616048,0.7389558232931727,0.8021390374331551
gru,squat,100001,7,confidence,312,0.2532051282051282,0.3719839119460845,0.6437224968761884,0.15403474270236456,0.7791164658634538,0.7807486631016043
gru,squat,100001,7,pressure,312,0.2532051282051282,0.3144222370709264,0.5520182539251371,0.2274766171778507,0.7670682730923695,0.7700534759358288
gru,squat,100001,7,combined,312,0.2532051282051282,0.2760917826324344,0.5581028956375291,0.2388510510789037,0.7228915662650602,0.8181818181818181
gru,squat,100101,123,confidence,216,0.3425925925925926,0.3864543898514189,0.49314807765511987,0.3507811421805491,0.6627906976744187,0.6744186046511628
gru,squat,100101,123,pressure,216,0.3425925925925926,0.3836530139741558,0.5087076513132851,0.3306207863187924,0.7093023255813953,0.6744186046511628
gru,squat,100101,123,combined,216,0.3425925925925926,0.5973288395400205,0.6595926912828322,0.3286686366638538,0.7616279069767442,0.7829457364341086
gru,squat,100101,42,confidence,216,0.3472222222222222,0.450973985044711,0.5808983451536643,0.2933002707374535,0.7093023255813953,0.7131782945736433
gru,squat,100101,42,pressure,216,0.3472222222222222,0.5027302323512545,0.6001891252955083,0.29931286786492445,0.7383720930232558,0.7131782945736433
gru,squat,100101,42,combined,216,0.3472222222222222,0.5431003423271543,0.6706382978723404,0.2911279161475973,0.7267441860465116,0.7596899224806202
gru,squat,100101,7,confidence,216,0.30092592592592593,0.3301493793300256,0.5544574630667345,0.2209587835316816,0.686046511627907,0.689922480620155
gru,squat,100101,7,pressure,216,0.30092592592592593,0.34900703506758773,0.5219561895058583,0.3107139506806399,0.7267441860465116,0.6976744186046512
gru,squat,100101,7,combined,216,0.30092592592592593,0.4095078869765371,0.6476821192052981,0.18993884180226817,0.7558139534883721,0.7751937984496124
gru,squat,101001,123,confidence,150,0.29333333333333333,0.30641229401567893,0.47148370497427095,0.40191708931334924,0.725,0.7444444444444445
gru,squat,101001,123,pressure,150,0.29333333333333333,0.3687016125325609,0.42624356775300176,0.36480613650654553,0.725,0.6555555555555556
gru,squat,101001,123,combined,150,0.29333333333333333,0.3284968080252256,0.4740566037735849,0.38754224601434617,0.725,0.7222222222222222
gru,squat,101001,42,confidence,150,0.37333333333333335,0.43632016849222727,0.49202127659574474,0.4670579093926515,0.6416666666666666,0.6888888888888889
gru,squat,101001,42,pressure,150,0.37333333333333335,0.5045511426228892,0.5703837386018238,0.34295138539491393,0.7083333333333333,0.6888888888888889
gru,squat,101001,42,combined,150,0.37333333333333335,0.4947693062975765,0.580547112462006,0.39954064866215183,0.6833333333333333,0.7111111111111111
gru,squat,101001,7,confidence,150,0.34,0.4154479821840301,0.5006932065755596,0.33394789089285204,0.675,0.6777777777777778
gru,squat,101001,7,pressure,150,0.34,0.4099233428645194,0.4615765498118439,0.42319150893662166,0.6833333333333333,0.6444444444444444
gru,squat,101001,7,combined,150,0.34,0.580933778674525,0.5684293919588037,0.3307062220510161,0.7416666666666667,0.7222222222222222
ssm,deadlift,00000,123,confidence,345,0.3333333333333333,0.47781501450114194,0.6940264650283554,0.17446827837815257,0.6884057971014492,0.7342995169082125
ssm,deadlift,00000,123,pressure,345,0.3333333333333333,0.5355582905296676,0.5071455576559547,0.3798394893995606,0.7173913043478262,0.6956521739130435
ssm,deadlift,00000,123,combined,345,0.3333333333333333,0.4722877581107159,0.7235538752362949,0.16824832577389048,0.7028985507246377,0.78743961352657
ssm,deadlift,00000,42,confidence,345,0.43478260869565216,0.5856416890747742,0.7234188034188034,0.23923311534960656,0.6086956521739131,0.6618357487922706
ssm,deadlift,00000,42,pressure,345,0.43478260869565216,0.6253795165458087,0.5732307692307692,0.4102690884491013,0.6521739130434783,0.6231884057971014
ssm,deadlift,00000,42,combined,345,0.43478260869565216,0.5336572758241381,0.6903931623931624,0.25633416836385114,0.5869565217391304,0.6618357487922706
ssm,deadlift,00000,7,confidence,345,0.37681159420289856,0.46463478882945886,0.6563506261180679,0.22658762655163622,0.6268115942028986,0.6811594202898551
ssm,deadlift,00000,7,pressure,345,0.37681159420289856,0.45959359528291266,0.4761001788908766,0.40928318827792376,0.6594202898550725,0.6135265700483092
ssm,deadlift,00000,7,combined,345,0.37681159420289856,0.5210097679274697,0.7020751341681574,0.2122035530209492,0.6666666666666667,0.7149758454106281
ssm,deadlift,00010,123,confidence,330,0.5121212121212121,0.5960295973627115,0.6601492153331618,0.3271054638428908,0.5113636363636364,0.5303030303030303
ssm,deadlift,00010,123,pressure,330,0.5121212121212121,0.8154043544654745,0.8349810724392666,0.2668613367897084,0.5795454545454546,0.6565656565656566
ssm,deadlift,00010,123,combined,330,0.5121212121212121,0.8016922069827337,0.8367451946047264,0.23816449257924427,0.5795454545454546,0.6565656565656566
ssm,deadlift,00010,42,confidence,330,0.4696969696969697,0.5397972415787522,0.6679078341013824,0.2821144912222373,0.5189393939393939,0.595959595959596
ssm,deadlift,00010,42,pressure,330,0.4696969696969697,0.7712306820596794,0.8080184331797235,0.2836323333583058,0.6136363636363636,0.7424242424242424
ssm,deadlift,00010,42,combined,330,0.4696969696969697,0.7380486461932927,0.8147834101382487,0.2208272326541914,0.6136363636363636,0.702020202020202
ssm,deadlift,00010,7,confidence,330,0.4666666666666667,0.49893232413076477,0.5615038370720189,0.3651349466896986,0.5340909090909092,0.5353535353535354
ssm,deadlift,00010,7,pressure,330,0.4666666666666667,0.6971195508672804,0.7707533943329399,0.2480422772302333,0.5795454545454546,0.6868686868686869
ssm,deadlift,00010,7,combined,330,0.4666666666666667,0.6257574920398667,0.6934769775678867,0.2957750333046577,0.5833333333333333,0.6515151515151515
ssm,deadlift,00100,123,confidence,110,0.4636363636363636,0.5310782678353336,0.5636424061149884,0.42454732138664686,0.5681818181818181,0.5757575757575757
ssm,deadlift,00100,123,pressure,110,0.4636363636363636,0.6219104697045873,0.6291126620139582,0.3482661199902233,0.5909090909090908,0.6212121212121212
ssm,deadlift,00100,123,combined,110,0.4636363636363636,0.75288446379844,0.7268195413758725,0.30562926991191314,0.6363636363636364,0.6515151515151515
ssm,deadlift,00100,42,confidence,110,0.36363636363636365,0.6587119527674554,0.7703571428571427,0.166403131316012,0.7386363636363636,0.7121212121212122
ssm,deadlift,00100,42,pressure,110,0.36363636363636365,0.5681818181818182,0.495,0.43644996629289085,0.75,0.6666666666666667
ssm,deadlift,00100,42,combined,110,0.36363636363636365,0.6549605874572166,0.6167857142857143,0.26759677608539945,0.75,0.6666666666666667
ssm,deadlift,00100,7,confidence,110,0.45454545454545453,0.6653768466685722,0.7736666666666667,0.2236140675320174,0.5909090909090908,0.6818181818181819
ssm,deadlift,00100,7,pressure,110,0.45454545454545453,0.8608596067592058,0.8775000000000001,0.2097775718795047,0.6704545454545454,0.8333333333333334
ssm,deadlift,00100,7,combined,110,0.45454545454545453,0.8993880053825016,0.866,0.2599008946244016,0.6818181818181819,0.8333333333333334
ssm,deadlift,00110,123,confidence,165,0.3333333333333333,0.670256020101374,0.8262809917355372,0.12351521032196223,0.7424242424242424,0.8282828282828283
ssm,deadlift,00110,123,pressure,165,0.3333333333333333,0.47776933391540405,0.6430578512396694,0.2566483222918712,0.7348484848484849,0.7676767676767677
ssm,deadlift,00110,123,combined,165,0.3333333333333333,0.6059193018014208,0.7933884297520661,0.1384233426182832,0.7348484848484849,0.8181818181818181
ssm,deadlift,00110,42,confidence,165,0.19393939393939394,0.35045646632028205,0.7359022556390978,0.0918055437749938,0.8484848484848485,0.9191919191919192
ssm,deadlift,00110,42,pressure,165,0.19393939393939394,0.2061674759349178,0.4013157894736842,0.2886723734572897,0.8106060606060606,0.7777777777777778
ssm,deadlift,00110,42,combined,165,0.19393939393939394,0.2328209324087141,0.5018796992481203,0.15730901062681416,0.7954545454545454,0.7676767676767677
ssm,deadlift,00110,7,confidence,165,0.3575757575757576,0.6803068900643024,0.820594819315638,0.139017427330358,0.7121212121212122,0.797979797979798
ssm,deadlift,00110,7,pressure,165,0.3575757575757576,0.7486850224560682,0.8178765590022387,0.21422305540300796,0.7727272727272727,0.8686868686868687
ssm,deadlift,00110,7,combined,165,0.3575757575757576,0.5275530461959688,0.7169811320754718,0.18913111546355418,0.696969696969697,0.7272727272727273
ssm,deadlift,11110,123,confidence,50,0.76,0.8997328477867674,0.8135964912280702,0.5179925365886487,0.25,0.33333333333333337
ssm,deadlift,11110,123,pressure,50,0.76,0.8796154824072444,0.7763157894736842,0.598054887172927,0.25,0.33333333333333337
ssm,deadlift,11110,123,combined,50,0.76,0.8746380856700152,0.8201754385964913,0.5416386404862628,0.25,0.33333333333333337
ssm,deadlift,11110,42,confidence,50,0.46,0.47863820165739485,0.5668276972624798,0.3533946356125855,0.525,0.5666666666666667
ssm,deadlift,11110,42,pressure,50,0.46,0.42030356222227677,0.3993558776167471,0.45929833324849084,0.5,0.43333333333333335
ssm,deadlift,11110,42,combined,50,0.46,0.3957436624637211,0.4138486312399356,0.4586867059090619,0.475,0.43333333333333335
ssm,deadlift,11110,7,confidence,50,0.62,0.6583752625105996,0.6129032258064516,0.4485662893671444,0.35,0.3666666666666667
ssm,deadlift,11110,7,pressure,50,0.62,0.5873680351906158,0.434634974533107,0.6224897321218008,0.25,0.33333333333333337
ssm,deadlift,11110,7,combined,50,0.62,0.5718829837143413,0.5059422750424448,0.48931530454970196,0.25,0.33333333333333337
ssm,squat,000000,123,confidence,102,0.28431372549019607,0.3666598631806887,0.5932923948984412,0.1857502374694826,0.7160493827160495,0.7049180327868853
ssm,squat,000000,123,pressure,102,0.28431372549019607,0.4900948923933755,0.5212564950401511,0.27843480376305624,0.7530864197530864,0.7049180327868853
ssm,squat,000000,123,combined,102,0.28431372549019607,0.4311295648394619,0.6046291922531885,0.1930841897302929,0.7530864197530864,0.7213114754098361
ssm,squat,000000,42,confidence,102,0.37254901960784315,0.5593829274299641,0.7002467105263158,0.2024053823545049,0.6666666666666667,0.6885245901639344
ssm,squat,000000,42,pressure,102,0.37254901960784315,0.5748489396700212,0.627672697368421,0.327855067173597,0.7160493827160495,0.6885245901639344
ssm,squat,000000,42,combined,102,0.37254901960784315,0.5465948989347664,0.6270559210526315,0.2895882567780432,0.6790123456790124,0.7213114754098361
ssm,squat,000000,7,confidence,102,0.5098039215686274,0.5224645102652441,0.5549999999999999,0.3925922454086105,0.4814814814814815,0.5081967213114754
ssm,squat,000000,7,pressure,102,0.5098039215686274,0.6748479848325049,0.6503846153846153,0.42818711275366167,0.5555555555555556,0.6065573770491803
ssm,squat,000000,7,combined,102,0.5098039215686274,0.6311157035868029,0.6265384615384615,0.3762205123012663,0.5061728395061729,0.6229508196721312
ssm,squat,000001,123,confidence,330,0.22424242424242424,0.34294569941827086,0.7114653716216217,0.11198048199011842,0.8106060606060606,0.8737373737373737
ssm,squat,000001,123,pressure,330,0.22424242424242424,0.32277382897645523,0.42205975506756754,0.25634909062832795,0.7954545454545454,0.7474747474747474
ssm,squat,000001,123,combined,330,0.22424242424242424,0.36495801522189936,0.7332664695945946,0.10372205348051874,0.8106060606060606,0.8939393939393939
ssm,squat,000001,42,confidence,330,0.5757575757575758,0.5680293660619745,0.5537218045112782,0.44221812616150985,0.41666666666666663,0.4040404040404041
ssm,squat,000001,42,pressure,330,0.5757575757575758,0.7649490306761165,0.6846992481203007,0.4688148380924937,0.5303030303030303,0.5505050505050505
ssm,squat,000001,42,combined,330,0.5757575757575758,0.756124591204921,0.7550751879699248,0.34424593515198415,0.49242424242424243,0.5555555555555556
ssm,squat,000001,7,confidence,330,0.3484848484848485,0.5184764882379401,0.6880485338725986,0.20334924871414384,0.6931818181818181,0.7575757575757576
ssm,squat,000001,7,pressure,330,0.3484848484848485,0.7045707267662935,0.8192922143579373,0.2006725039171131,0.7613636363636364,0.8787878787878788
ssm,squat,000001,7,combined,330,0.3484848484848485,0.6431784174043428,0.8025884732052578,0.15531004506831214,0.75,0.8333333333333334
ssm,squat,000101,123,confidence,132,0.30303030303030304,0.39405491576502394,0.6722826086956522,0.1761188435986658,0.7047619047619047,0.7974683544303798
ssm,squat,000101,123,pressure,132,0.30303030303030304,0.4171199077068239,0.649320652173913,0.25547626108015653,0.7333333333333334,0.810126582278481
ssm,squat,000101,123,combined,132,0.30303030303030304,0.41029933839433935,0.6709239130434782,0.1906486531897087,0.7333333333333334,0.759493670886076
ssm,squat,000101,42,confidence,132,0.2878787878787879,0.549136355606265,0.6783314669652856,0.18705368914597834,0.8,0.7848101265822784
ssm,squat,000101,42,pressure,132,0.2878787878787879,0.3491227321819427,0.5937849944008958,0.23793664527692204,0.7428571428571429,0.759493670886076
ssm,squat,000101,42,combined,132,0.2878787878787879,0.3737532164368389,0.6455767077267638,0.18351545566227645,0.7333333333333334,0.7974683544303798
ssm,squat,000101,7,confidence,132,0.2878787878787879,0.3817271374765434,0.6380179171332587,0.19417003080786518,0.7428571428571429,0.7974683544303798
ssm,squat,000101,7,pressure,132,0.2878787878787879,0.35472721544608576,0.5585106382978723,0.318784222512142,0.7428571428571429,0.7468354430379747
ssm,squat,000101,7,combined,132,0.2878787878787879,0.36250689619147375,0.6131019036954087,0.26319659728824757,0.7238095238095238,0.7721518987341772
ssm,squat,010101,123,confidence,90,0.28888888888888886,0.31513315312691526,0.5685096153846153,0.20620253486734588,0.7222222222222222,0.7222222222222222
ssm,squat,010101,123,pressure,90,0.28888888888888886,0.45481266149870797,0.6730769230769231,0.22597615423129977,0.7083333333333333,0.7962962962962963
ssm,squat,010101,123,combined,90,0.28888888888888886,0.30044530152222376,0.5462740384615385,0.2116505710954199,0.6944444444444444,0.6851851851851851
ssm,squat,010101,42,confidence,90,0.2777777777777778,0.42426576823127,0.6584615384615384,0.16981068674700675,0.7361111111111112,0.8148148148148149
ssm,squat,010101,42,pressure,90,0.2777777777777778,0.31824561403508766,0.556923076923077,0.22993741439557366,0.6666666666666667,0.7407407407407407
ssm,squat,010101,42,combined,90,0.2777777777777778,0.3274221419354869,0.6024615384615384,0.198968753671668,0.7222222222222222,0.7407407407407407
ssm,squat,010101,7,confidence,90,0.25555555555555554,0.6394093700357618,0.8689162881245944,0.0742738426006179,0.8611111111111112,0.9259259259259259
ssm,squat,010101,7,pressure,90,0.25555555555555554,0.3003864734299517,0.5058403634003894,0.2652073557043147,0.6944444444444444,0.7222222222222222
ssm,squat,010101,7,combined,90,0.25555555555555554,0.2129254010693644,0.39195327709279687,0.23004205229864383,0.6805555555555556,0.5740740740740741
ssm,squat,100001,123,confidence,312,0.38782051282051283,0.49435942872593985,0.6674310934187183,0.24849834260540804,0.6465863453815262,0.7112299465240641
ssm,squat,100001,123,pressure,312,0.38782051282051283,0.40287861208310133,0.5411708710138029,0.4087466493048936,0.6184738955823292,0.6363636363636364
ssm,squat,100001,123,combined,312,0.38782051282051283,0.49649518233299283,0.6498204318289991,0.25732964634664446,0.6265060240963856,0.7219251336898396
ssm,squat,100001,42,confidence,312,0.2403846153846154,0.45697270195435563,0.7306891701828412,0.11972567177913361,0.8273092369477911,0.8556149732620321
ssm,squat,100001,42,pressure,312,0.2403846153846154,0.2553037763742627,0.45800281293952183,0.2995918610406135,0.7670682730923695,0.7165775401069518
ssm,squat,100001,42,combined,312,0.2403846153846154,0.36254928481352783,0.6571589310829817,0.14555977966087194,0.8032128514056225,0.8235294117647058
ssm,squat,100001,7,confidence,312,0.23397435897435898,0.355098735576236,0.6995472000917062,0.11467813939407656,0.7871485943775101,0.8502673796791445
ssm,squat,100001,7,pressure,312,0.23397435897435898,0.4244438352298501,0.5629621138304579,0.22816309701611168,0.8072289156626506,0.7700534759358288
ssm,squat,100001,7,combined,312,0.23397435897435898,0.38018746325695735,0.5691522897919413,0.2051040377869269,0.8192771084337349,0.7914438502673797
ssm,squat,100101,123,confidence,216,0.2962962962962963,0.363669237048421,0.5084292763157895,0.30615101632092373,0.7383720930232558,0.7209302325581395
ssm,squat,100101,123,pressure,216,0.2962962962962963,0.3125026411328341,0.4557462993421053,0.34743302957492983,0.7267441860465116,0.6666666666666667
ssm,squat,100101,123,combined,216,0.2962962962962963,0.517393706822412,0.5165501644736842,0.374143385555456,0.7732558139534884,0.7286821705426356
ssm,squat,100101,42,confidence,216,0.2916666666666667,0.3682097712538157,0.5181035377113807,0.3358204514862502,0.7383720930232558,0.7364341085271318
ssm,squat,100101,42,pressure,216,0.2916666666666667,0.37651420901745475,0.5604834526403154,0.24533403497642162,0.7441860465116279,0.7674418604651163
ssm,squat,100101,42,combined,216,0.2916666666666667,0.5501951168882974,0.6282809420064321,0.25729593867257633,0.7790697674418605,0.7906976744186046
ssm,squat,100101,7,confidence,216,0.30092592592592593,0.3925082638078651,0.559551706571574,0.294645285294748,0.7383720930232558,0.7674418604651163
ssm,squat,100101,7,pressure,216,0.30092592592592593,0.34329802945191523,0.5204788588894549,0.26203749664431947,0.7093023255813953,0.7364341085271318
ssm,squat,100101,7,combined,216,0.30092592592592593,0.364325841049555,0.5848191543555783,0.24725018285284156,0.7209302325581395,0.7596899224806202
ssm,squat,101001,123,confidence,150,0.29333333333333333,0.35171146305647283,0.47512864493996565,0.4073825381522577,0.725,0.7444444444444445
ssm,squat,101001,123,pressure,150,0.29333333333333333,0.39892085009806605,0.3734991423670669,0.4639908333878874,0.7083333333333333,0.6444444444444444
ssm,squat,101001,123,combined,150,0.29333333333333333,0.44124718553682346,0.5070754716981132,0.3877710087808482,0.775,0.7555555555555555
ssm,squat,101001,42,confidence,150,0.31333333333333335,0.41288593523535166,0.5641396405701301,0.2602302230659159,0.7,0.7333333333333334
ssm,squat,101001,42,pressure,150,0.31333333333333335,0.36408109477258416,0.49328651105143567,0.3256524143068212,0.7083333333333333,0.7111111111111111
ssm,squat,101001,42,combined,150,0.31333333333333335,0.44204612824549466,0.5806651518281347,0.3164396927249791,0.75,0.7444444444444445
ssm,squat,101001,7,confidence,150,0.5266666666666666,0.5095528595264027,0.47138527366732036,0.4967389360496323,0.44999999999999996,0.43333333333333335
ssm,squat,101001,7,pressure,150,0.5266666666666666,0.6153604278133874,0.5256730254947406,0.5639393294772437,0.5,0.48888888888888893
ssm,squat,101001,7,combined,150,0.5266666666666666,0.6709927619830696,0.670529506150829,0.39867392317939526,0.5166666666666666,0.5666666666666667
tcn,deadlift,00000,123,confidence,345,0.45217391304347826,0.5587813278312491,0.6290191290191292,0.31102876035980265,0.5760869565217391,0.5942028985507246
tcn,deadlift,00000,123,pressure,345,0.45217391304347826,0.6283587937269479,0.599002849002849,0.41069455451727654,0.6485507246376812,0.5845410628019323
tcn,deadlift,00000,123,combined,345,0.45217391304347826,0.6002688103487155,0.6513363180029847,0.30118724595485097,0.6014492753623188,0.5942028985507246
tcn,deadlift,00000,42,confidence,345,0.4115942028985507,0.5436758389064078,0.6768889197252481,0.2563609832540337,0.6304347826086957,0.6956521739130435
tcn,deadlift,00000,42,pressure,345,0.4115942028985507,0.4771941300104846,0.5141885797543884,0.42524568872524215,0.644927536231884,0.5652173913043479
tcn,deadlift,00000,42,combined,345,0.4115942028985507,0.5071436528388334,0.6488239783528759,0.2668684778261139,0.6014492753623188,0.6618357487922706
tcn,deadlift,00000,7,confidence,345,0.4579710144927536,0.5298102746944428,0.6141948148649563,0.3264313236874066,0.5579710144927537,0.5700483091787439
tcn,deadlift,00000,7,pressure,345,0.4579710144927536,0.5461427785362161,0.5376193054897448,0.4419598873876288,0.6014492753623188,0.5217391304347826
tcn,deadlift,00000,7,combined,345,0.4579710144927536,0.5393455974275787,0.6316252623028499,0.3228107915066145,0.5471014492753623,0.5990338164251208
tcn,deadlift,00010,123,confidence,330,0.47878787878787876,0.5665047402663983,0.6416323226376215,0.3186837473275013,0.5,0.6666666666666667
tcn,deadlift,00010,123,pressure,330,0.47878787878787876,0.7952329418017368,0.826317338828378,0.20977301708723303,0.553030303030303,0.6666666666666667
tcn,deadlift,00010,123,combined,330,0.47878787878787876,0.7715122674562565,0.826317338828378,0.20977301708723303,0.553030303030303,0.6666666666666667
tcn,deadlift,00010,42,confidence,330,0.39090909090909093,0.47255266759345027,0.6159512514944656,0.27433084077376213,0.6401515151515151,0.6616161616161615
tcn,deadlift,00010,42,pressure,330,0.39090909090909093,0.6271384573966245,0.7243241158548345,0.22352457084169342,0.6515151515151515,0.7222222222222222
tcn,deadlift,00010,42,combined,330,0.39090909090909093,0.6796303183166031,0.7382081838867678,0.3077805774542227,0.7348484848484849,0.7474747474747474
tcn,deadlift,00010,7,confidence,330,0.3606060606060606,0.41350585688066216,0.5620295511569557,0.2864548910607224,0.6515151515151515,0.6515151515151515
tcn,deadlift,00010,7,pressure,330,0.3606060606060606,0.6658609859211156,0.7198414910988091,0.2385301240383405,0.6893939393939394,0.7626262626262627
tcn,deadlift,00010,7,combined,330,0.3606060606060606,0.6586455810868148,0.7244016089848262,0.21510429730943803,0.7007575757575757,0.7777777777777778
tcn,deadlift,00100,123,confidence,110,0.4090909090909091,0.48696387326627805,0.6082051282051282,0.29844720587603146,0.6136363636363636,0.6666666666666667
tcn,deadlift,00100,123,pressure,110,0.4090909090909091,0.6172881873789315,0.6988034188034189,0.31377359127827975,0.6931818181818181,0.696969696969697
tcn,deadlift,00100,123,combined,110,0.4090909090909091,0.7472462359980943,0.7535042735042735,0.24497964827530205,0.6931818181818181,0.7878787878787878
tcn,deadlift,00100,42,confidence,110,0.37272727272727274,0.501736874015014,0.616825733474726,0.2716757462735636,0.6704545454545454,0.6818181818181819
tcn,deadlift,00100,42,pressure,110,0.37272727272727274,0.4816336566015642,0.5650406504065041,0.35804686472255887,0.7045454545454546,0.6515151515151515
tcn,deadlift,00100,42,combined,110,0.37272727272727274,0.6603592751931224,0.6376811594202899,0.32637538573509134,0.7159090909090908,0.7121212121212122
tcn,deadlift,00100,7,confidence,110,0.5,0.5352361749474156,0.5431404958677686,0.39438450156523336,0.4772727272727273,0.4696969696969697
tcn,deadlift,00100,7,pressure,110,0.5,0.7821728435270755,0.7785123966942149,0.2981702387343894,0.6136363636363636,0.6515151515151515
tcn,deadlift,00100,7,combined,110,0.5,0.8273933638360444,0.8119008264462809,0.2994797273012361,0.6136363636363636,0.7272727272727273
tcn,deadlift,00110,123,confidence,165,0.28484848484848485,0.5071896408386207,0.6967183555715831,0.16687502260547418,0.7651515151515151,0.8383838383838383
tcn,deadlift,00110,123,pressure,165,0.28484848484848485,0.4707530431494596,0.6303642264695275,0.22386526397705142,0.7803030303030303,0.7777777777777778
tcn,deadlift,00110,123,combined,165,0.28484848484848485,0.5325660411066546,0.714749368914533,0.16278495263225848,0.7803030303030303,0.8484848484848485
tcn,deadlift,00110,42,confidence,165,0.2787878787878788,0.41168322787010103,0.6510778224333212,0.1955352652080665,0.7651515151515151,0.8080808080808081
tcn,deadlift,00110,42,pressure,165,0.2787878787878788,0.48506344913667565,0.6149981731823164,0.24701398062655788,0.7803030303030303,0.7676767676767677
tcn,deadlift,00110,42,combined,165,0.2787878787878788,0.4483211145410041,0.6812203142126415,0.17461424027396596,0.7878787878787878,0.8181818181818181
tcn,deadlift,00110,7,confidence,165,0.3393939393939394,0.3751570935353053,0.5407929226736566,0.3419409030539971,0.6742424242424243,0.6666666666666667
tcn,deadlift,00110,7,pressure,165,0.3393939393939394,0.747061371911447,0.8524737876802096,0.14661820298219613,0.7803030303030303,0.9090909090909091
tcn,deadlift,00110,7,combined,165,0.3393939393939394,0.7393620912242679,0.8320773263433814,0.1606925308795703,0.7803030303030303,0.9090909090909091
tcn,deadlift,11110,123,confidence,50,0.52,0.4662821670203581,0.4439102564102564,0.5023158813120807,0.42500000000000004,0.43333333333333335
tcn,deadlift,11110,123,pressure,50,0.52,0.4355060041768186,0.328525641025641,0.5686538339921149,0.375,0.33333333333333337
tcn,deadlift,11110,123,combined,50,0.52,0.43080493493435545,0.3733974358974359,0.5429892126065314,0.375,0.4
tcn,deadlift,11110,42,confidence,50,0.54,0.6144907400703518,0.6022544283413849,0.4021006053185636,0.475,0.5
tcn,deadlift,11110,42,pressure,50,0.54,0.49673886236216863,0.391304347826087,0.5380680469462642,0.35,0.3666666666666667
tcn,deadlift,11110,42,combined,50,0.54,0.5667501990596051,0.5024154589371981,0.5086993169044253,0.42500000000000004,0.4
tcn,deadlift,11110,7,confidence,50,0.58,0.6655424451327098,0.6108374384236454,0.41935674046763033,0.42500000000000004,0.3666666666666667
tcn,deadlift,11110,7,pressure,50,0.58,0.5211496217031607,0.4351395730706075,0.5685659469895016,0.32499999999999996,0.33333333333333337
tcn,deadlift,11110,7,combined,50,0.58,0.5547863175385065,0.47126436781609193,0.5273191397892188,0.375,0.33333333333333337
tcn,squat,000000,123,confidence,102,0.4117647058823529,0.4714239287294335,0.5595238095238095,0.31127996271406033,0.5925925925925926,0.5901639344262295
tcn,squat,000000,123,pressure,102,0.4117647058823529,0.6688758836868081,0.6023809523809524,0.34671012892480546,0.691358024691358,0.6229508196721312
tcn,squat,000000,123,combined,102,0.4117647058823529,0.6120380975040086,0.5896825396825397,0.46052839905637244,0.7037037037037037,0.6557377049180328
tcn,squat,000000,42,confidence,102,0.21568627450980393,0.2116226792490516,0.50625,0.16573887936794063,0.7777777777777778,0.7377049180327868
tcn,squat,000000,42,pressure,102,0.21568627450980393,0.19960370511841102,0.375,0.2732772182159043,0.7777777777777778,0.7049180327868853
tcn,squat,000000,42,combined,102,0.21568627450980393,0.26960833537802936,0.5636363636363636,0.1424463746214876,0.7530864197530864,0.7704918032786885
tcn,squat,000000,7,confidence,102,0.6666666666666666,0.6371725423947275,0.528114186851211,0.5336859900024602,0.28395061728395066,0.29508196721311475
tcn,squat,000000,7,pressure,102,0.6666666666666666,0.8007622744057835,0.6641435986159171,0.5866470600284279,0.41975308641975306,0.42622950819672134
tcn,squat,000000,7,combined,102,0.6666666666666666,0.6042764946608871,0.4948096885813149,0.5479952875439837,0.24691358024691357,0.2786885245901639
tcn,squat,000001,123,confidence,330,0.3242424242424242,0.42719506015194963,0.5995557604459159,0.24385004355900655,0.7159090909090908,0.7222222222222222
tcn,squat,000001,123,pressure,330,0.3242424242424242,0.5037786951161191,0.5980470223377058,0.33661521001848227,0.7045454545454546,0.7323232323232323
tcn,squat,000001,123,combined,330,0.3242424242424242,0.4289206729232958,0.6345920120699049,0.21577869503177796,0.6893939393939394,0.7474747474747474
tcn,squat,000001,42,confidence,330,0.3090909090909091,0.44288803523370496,0.662108703130375,0.1947748798008423,0.7159090909090908,0.7474747474747474
tcn,squat,000001,42,pressure,330,0.3090909090909091,0.6552324207685478,0.7507094943240455,0.1888460480756015,0.7651515151515151,0.8484848484848485
tcn,squat,000001,42,combined,330,0.3090909090909091,0.33000825526821015,0.5514275885792914,0.24860445322232946,0.696969696969697,0.702020202020202
tcn,squat,000001,7,confidence,330,0.36666666666666664,0.46400418779801433,0.5968998378741746,0.2595483106939773,0.6628787878787878,0.6565656565656566
tcn,squat,000001,7,pressure,330,0.36666666666666664,0.6212298901620346,0.7133140891296612,0.28503210056898437,0.696969696969697,0.7777777777777778
tcn,squat,000001,7,combined,330,0.36666666666666664,0.7180315119624041,0.7879710546087233,0.21069088308733022,0.7348484848484849,0.8484848484848485
tcn,squat,000101,123,confidence,132,0.3560606060606061,0.4473734366130477,0.5902377972465581,0.2772826512557018,0.6952380952380952,0.6708860759493671
tcn,squat,000101,123,pressure,132,0.3560606060606061,0.6278511514866741,0.7217772215269087,0.2590980528187125,0.7333333333333334,0.759493670886076
tcn,squat,000101,123,combined,132,0.3560606060606061,0.6557453258986754,0.7449311639549437,0.20162775871880834,0.7428571428571429,0.7848101265822784
tcn,squat,000101,42,confidence,132,0.2878787878787879,0.3637718591383544,0.5753079507278835,0.2772662316997048,0.7238095238095238,0.759493670886076
tcn,squat,000101,42,pressure,132,0.2878787878787879,0.3603664093715442,0.5823068309070548,0.281007919118651,0.7523809523809524,0.759493670886076
tcn,squat,000101,42,combined,132,0.2878787878787879,0.5261393969353981,0.6606942889137738,0.22741417294690391,0.780952380952381,0.7974683544303798
tcn,squat,000101,7,confidence,132,0.3181818181818182,0.5165813178853947,0.7203703703703703,0.16770773548034595,0.7238095238095238,0.7974683544303798
tcn,squat,000101,7,pressure,132,0.3181818181818182,0.6273668749301302,0.7382275132275133,0.2392104990770417,0.7714285714285715,0.8481012658227848
tcn,squat,000101,7,combined,132,0.3181818181818182,0.7270175540678636,0.807936507936508,0.18766866050368172,0.7904761904761904,0.8607594936708861
tcn,squat,010101,123,confidence,90,0.32222222222222224,0.5030729558036897,0.6749576031656304,0.19056323775711756,0.75,0.7777777777777778
tcn,squat,010101,123,pressure,90,0.32222222222222224,0.545882699675803,0.7063312605992085,0.2182597511188897,0.7083333333333333,0.7777777777777778
tcn,squat,010101,123,combined,90,0.32222222222222224,0.3533206566103908,0.5862068965517241,0.2180404068651759,0.6388888888888888,0.7407407407407407
tcn,squat,010101,42,confidence,90,0.4888888888888889,0.6216962037732222,0.6462450592885376,0.32825359276524935,0.5555555555555556,0.537037037037037
tcn,squat,010101,42,pressure,90,0.4888888888888889,0.5782025433304314,0.6598320158102767,0.450060064165282,0.5555555555555556,0.6481481481481481
tcn,squat,010101,42,combined,90,0.4888888888888889,0.6046055168153595,0.6215415019762845,0.38278575652938884,0.5277777777777778,0.537037037037037
tcn,squat,010101,7,confidence,90,0.12222222222222222,0.4929949151849241,0.7663981588032222,0.05143465366734914,0.9305555555555556,0.9444444444444444
tcn,squat,010101,7,pressure,90,0.12222222222222222,0.232458988380041,0.49309551208285385,0.1358057836265735,0.8888888888888888,0.8703703703703703
tcn,squat,010101,7,combined,90,0.12222222222222222,0.080737039291114,0.2002301495972382,0.22373346507647074,0.8472222222222222,0.8333333333333334
tcn,squat,100001,123,confidence,312,0.41346153846153844,0.4479352912176643,0.46388782988096744,0.5048107314353556,0.6024096385542168,0.5989304812834224
tcn,squat,100001,123,pressure,312,0.41346153846153844,0.42700208579047205,0.5313466344728259,0.4197030561927414,0.5903614457831325,0.6042780748663101
tcn,squat,100001,123,combined,312,0.41346153846153844,0.3793849199290602,0.4296183335451349,0.5007167310494746,0.5542168674698795,0.6096256684491979
tcn,squat,100001,42,confidence,312,0.2948717948717949,0.42003999101781836,0.6616106719367589,0.18472366617792543,0.7389558232931727,0.7807486631016043
tcn,squat,100001,42,pressure,312,0.2948717948717949,0.4204879206499299,0.5590662055335969,0.28538891636561314,0.7389558232931727,0.7219251336898396
tcn,squat,100001,42,combined,312,0.2948717948717949,0.44668860352002193,0.6684782608695652,0.17752940893953198,0.751004016064257,0.7647058823529411
tcn,squat,100001,7,confidence,312,0.2724358974358974,0.38930474546468485,0.6604301632547291,0.17094346066953434,0.7710843373493976,0.7914438502673797
tcn,squat,100001,7,pressure,312,0.2724358974358974,0.4118864830394058,0.5142523969940399,0.2592620877124314,0.7550200803212852,0.7165775401069518
tcn,squat,100001,7,combined,312,0.2724358974358974,0.363895196787098,0.6130603783363565,0.18491772256735894,0.7429718875502008,0.8074866310160428
tcn,squat,100101,123,confidence,216,0.25,0.2731507542165063,0.4072930955647005,0.344935465511233,0.7558139534883721,0.7131782945736433
tcn,squat,100101,123,pressure,216,0.25,0.2846105129047756,0.418609967992684,0.3006874883786839,0.7790697674418605,0.7131782945736433
tcn,squat,100101,123,combined,216,0.25,0.33240863102738893,0.4144947416552355,0.3628356025902236,0.7906976744186046,0.7441860465116279
tcn,squat,100101,42,confidence,216,0.3425925925925926,0.3297310897181563,0.43642938713361246,0.41029849911815425,0.6569767441860466,0.6434108527131783
tcn,squat,100101,42,pressure,216,0.3425925925925926,0.5311492985839238,0.6358488770460602,0.28121035665900024,0.7558139534883721,0.7286821705426356
tcn,squat,100101,42,combined,216,0.3425925925925926,0.5700639725893912,0.6621621621621623,0.2964583830646628,0.7383720930232558,0.751937984496124
tcn,squat,100101,7,confidence,216,0.25925925925925924,0.2694186774147301,0.4880580357142857,0.27920920670040583,0.75,0.7596899224806202
tcn,squat,100101,7,pressure,216,0.25925925925925924,0.2856792843399986,0.4229910714285714,0.2729758523553101,0.75,0.7209302325581395
tcn,squat,100101,7,combined,216,0.25925925925925924,0.25129490597553156,0.4928571428571429,0.2758712230607711,0.7325581395348837,0.7209302325581395
tcn,squat,101001,123,confidence,150,0.28,0.3465975034153758,0.4645061728395062,0.39074297564194344,0.7666666666666666,0.7111111111111111
tcn,squat,101001,123,pressure,150,0.28,0.27656570103938527,0.154320987654321,0.4877999378871103,0.6583333333333333,0.5666666666666667
tcn,squat,101001,123,combined,150,0.28,0.42305679078122976,0.515652557319224,0.3947490074620012,0.7916666666666666,0.7777777777777778
tcn,squat,101001,42,confidence,150,0.32,0.4428813129725876,0.6004901960784315,0.2541570388822977,0.7333333333333334,0.7333333333333334
tcn,squat,101001,42,pressure,150,0.32,0.32326866620139255,0.47640931372549017,0.3007796499890225,0.6833333333333333,0.6666666666666667
tcn,squat,101001,42,combined,150,0.32,0.49823432266044676,0.610498366013072,0.28355152429898073,0.7333333333333334,0.7666666666666666
tcn,squat,101001,7,confidence,150,0.30666666666666664,0.37378801553529806,0.4868311036789298,0.31804754190259743,0.7,0.7
tcn,squat,101001,7,pressure,150,0.30666666666666664,0.4532041363518893,0.49999999999999994,0.3025297221148723,0.725,0.6666666666666667
tcn,squat,101001,7,combined,150,0.30666666666666664,0.4669776451842372,0.5685618729096991,0.30961942732641595,0.7333333333333334,0.7111111111111111
transformer,deadlift,00000,123,confidence,345,0.37681159420289856,0.4156776901033258,0.5792128801431128,0.27471343755762945,0.6268115942028986,0.6376811594202898
transformer,deadlift,00000,123,pressure,345,0.37681159420289856,0.4629157251259662,0.5159749552772809,0.38950435377018,0.6847826086956521,0.5990338164251208
transformer,deadlift,00000,123,combined,345,0.37681159420289856,0.4209870997874755,0.5651878354203935,0.2844975403084481,0.6413043478260869,0.6376811594202898
transformer,deadlift,00000,42,confidence,345,0.5072463768115942,0.6371377011978722,0.6586554621848738,0.36485275492980396,0.5289855072463768,0.5797101449275363
transformer,deadlift,00000,42,pressure,345,0.5072463768115942,0.674366755685386,0.6057478991596639,0.4626144620073268,0.5978260869565217,0.4782608695652174
transformer,deadlift,00000,42,combined,345,0.5072463768115942,0.7162918368521816,0.6863529411764706,0.36322833672645166,0.5833333333333333,0.6328502415458936
transformer,deadlift,00000,7,confidence,345,0.47246376811594204,0.503556125518064,0.548034787298591,0.379830587680094,0.536231884057971,0.5217391304347826
transformer,deadlift,00000,7,pressure,345,0.47246376811594204,0.5336259279639386,0.5228881547899953,0.4533408202893353,0.5869565217391304,0.5072463768115942
transformer,deadlift,00000,7,combined,345,0.47246376811594204,0.46328590314847884,0.5128429852356232,0.39617682885622035,0.5289855072463768,0.4975845410628019
transformer,deadlift,00010,123,confidence,330,0.6333333333333333,0.48002200416553487,0.15243781881450436,0.868185262390271,0.2992424242424242,0.1515151515151515
transformer,deadlift,00010,123,pressure,330,0.6333333333333333,0.9421052631578948,0.9210526315789473,0.3214462546148316,0.45833333333333337,0.6111111111111112
transformer,deadlift,00010,123,combined,330,0.6333333333333333,0.9127838907043118,0.921744632053462,0.298257251355557,0.41666666666666663,0.5555555555555556
transformer,deadlift,00010,42,confidence,330,0.396969696969697,0.43919043666568214,0.5310522076029001,0.34395129479377456,0.6363636363636364,0.6212121212121212
transformer,deadlift,00010,42,pressure,330,0.396969696969697,0.7017675627774047,0.7400360581533623,0.2530003667158325,0.6893939393939394,0.7373737373737373
transformer,deadlift,00010,42,combined,330,0.396969696969697,0.7335783645616051,0.7306379224366106,0.26213093096247053,0.7045454545454546,0.7474747474747474
transformer,deadlift,00010,7,confidence,330,0.5303030303030303,0.5228150112955814,0.5187834101382488,0.4676817155489746,0.4545454545454546,0.4444444444444444
transformer,deadlift,00010,7,pressure,330,0.5303030303030303,0.9731601731601731,0.968294930875576,0.2028261573585504,0.5871212121212122,0.7828282828282829
transformer,deadlift,00010,7,combined,330,0.5303030303030303,0.9572466750845767,0.9379907834101382,0.21995699636225216,0.5871212121212122,0.7777777777777778
transformer,deadlift,00100,123,confidence,110,0.5363636363636364,0.5711195602538581,0.5151213027583915,0.5667889729261544,0.46590909090909094,0.4696969696969697
transformer,deadlift,00100,123,pressure,110,0.5363636363636364,0.8518493233647114,0.8818544366899302,0.2638103868771947,0.5340909090909092,0.6666666666666667
transformer,deadlift,00100,123,combined,110,0.5363636363636364,0.8201898249012392,0.8733798604187438,0.2767701907415929,0.5454545454545454,0.6818181818181819
transformer,deadlift,00100,42,confidence,110,0.5636363636363636,0.8166265267619635,0.8030913978494624,0.40314675615713247,0.5227272727272727,0.6515151515151515
transformer,deadlift,00100,42,pressure,110,0.5636363636363636,0.9640573266483776,0.9600134408602151,0.2310271351895941,0.5454545454545454,0.696969696969697
transformer,deadlift,00100,42,combined,110,0.5636363636363636,0.9169869382357181,0.9388440860215054,0.22924829410880268,0.5227272727272727,0.6666666666666667
transformer,deadlift,00100,7,confidence,110,0.5727272727272728,0.8603500411285447,0.8243836541708881,0.396136644592703,0.5227272727272727,0.6363636363636364
transformer,deadlift,00100,7,pressure,110,0.5727272727272728,0.9696969696969697,0.9680851063829787,0.22378838653946695,0.5227272727272727,0.6818181818181819
transformer,deadlift,00100,7,combined,110,0.5727272727272728,0.8606724334877129,0.9213103681188787,0.24382339147323204,0.5,0.6363636363636364
transformer,deadlift,00110,123,confidence,165,0.24242424242424243,0.3616411041561587,0.6756,0.15649103515077303,0.7803030303030303,0.8686868686868687
transformer,deadlift,00110,123,pressure,165,0.24242424242424243,0.253219696969697,0.456,0.28109584651725505,0.7727272727272727,0.7373737373737373
transformer,deadlift,00110,123,combined,165,0.24242424242424243,0.3066889281975709,0.504,0.24242934701186217,0.7803030303030303,0.7676767676767677
transformer,deadlift,00110,42,confidence,165,0.24848484848484848,0.2622032694333155,0.5631392604248624,0.16536492387163815,0.7272727272727273,0.7272727272727273
transformer,deadlift,00110,42,pressure,165,0.24848484848484848,0.3503834829704482,0.4256490952006294,0.28005042073296094,0.7348484848484849,0.6868686868686869
transformer,deadlift,00110,42,combined,165,0.24848484848484848,0.27810166731124625,0.5688434303697876,0.1646758973893235,0.7272727272727273,0.7272727272727273
transformer,deadlift,00110,7,confidence,165,0.2,0.4839866406518041,0.841368227731864,0.05870313950484007,0.8787878787878788,0.9595959595959596
transformer,deadlift,00110,7,pressure,165,0.2,0.1687745966155057,0.3534205693296602,0.27212544753542395,0.7575757575757576,0.7272727272727273
transformer,deadlift,00110,7,combined,165,0.2,0.18499604075853177,0.47451790633608815,0.17024914779155514,0.7954545454545454,0.7777777777777778
transformer,deadlift,11110,123,confidence,50,0.68,0.7013733311568598,0.6488970588235294,0.4759239368379579,0.275,0.33333333333333337
transformer,deadlift,11110,123,pressure,50,0.68,0.6990098359700094,0.5569852941176471,0.6285790996895642,0.30000000000000004,0.33333333333333337
transformer,deadlift,11110,123,combined,50,0.68,0.688700680679946,0.5863970588235294,0.57506789328271,0.30000000000000004,0.33333333333333337
transformer,deadlift,11110,42,confidence,50,0.62,0.6269998816178796,0.5942275042444822,0.4534385199106078,0.32499999999999996,0.4
transformer,deadlift,11110,42,pressure,50,0.62,0.5620420144898323,0.42954159592529717,0.6432721180563788,0.275,0.3666666666666667
transformer,deadlift,11110,42,combined,50,0.62,0.5666855621806817,0.4991511035653651,0.48775142542400024,0.275,0.30000000000000004
transformer,deadlift,11110,7,confidence,50,0.58,0.63294338206092,0.6009852216748768,0.43180042332711394,0.4,0.4666666666666667
transformer,deadlift,11110,7,pressure,50,0.58,0.6196688994073061,0.5377668308702792,0.5957025332965512,0.44999999999999996,0.4666666666666667
transformer,deadlift,11110,7,combined,50,0.58,0.5576642917230809,0.4926108374384237,0.4793231532612565,0.35,0.3666666666666667
transformer,squat,000000,123,confidence,102,0.4019607843137255,0.607766600252167,0.759296281487405,0.19383428992135437,0.617283950617284,0.7377049180327868
transformer,squat,000000,123,pressure,102,0.4019607843137255,0.6131221538236825,0.5953618552578968,0.33389335460136266,0.6666666666666667,0.6229508196721312
transformer,squat,000000,123,combined,102,0.4019607843137255,0.7015756886947726,0.6665333866453419,0.29648892028332563,0.7160493827160495,0.639344262295082
transformer,squat,000000,42,confidence,102,0.5392156862745098,0.5320570512057786,0.523017408123791,0.4281222049515918,0.41975308641975306,0.42622950819672134
transformer,squat,000000,42,pressure,102,0.5392156862745098,0.7286004056795132,0.6224371373307545,0.5095758377118544,0.5679012345679013,0.5081967213114754
transformer,squat,000000,42,combined,102,0.5392156862745098,0.743116937083022,0.6526112185686654,0.38117951873516304,0.5679012345679013,0.47540983606557374
transformer,squat,000000,7,confidence,102,0.29411764705882354,0.49894563866649433,0.7865740740740741,0.1152793677976435,0.7530864197530864,0.8524590163934427
transformer,squat,000000,7,pressure,102,0.29411764705882354,0.4231458692682333,0.6189814814814816,0.22773369072299904,0.7530864197530864,0.7049180327868853
transformer,squat,000000,7,combined,102,0.29411764705882354,0.54832591875246,0.65,0.19280241112663643,0.7654320987654322,0.7377049180327868
transformer,squat,000001,123,confidence,330,0.3242424242424242,0.504875075925116,0.7268345836301915,0.17188049731198982,0.7272727272727273,0.797979797979798
transformer,squat,000001,123,pressure,330,0.3242424242424242,0.478460118056914,0.6609320648757387,0.23578434488282135,0.7234848484848485,0.7929292929292929
transformer,squat,000001,123,combined,330,0.3242424242424242,0.6080684737304697,0.7717195423494405,0.17522793436675446,0.7613636363636364,0.8282828282828283
transformer,squat,000001,42,confidence,330,0.3484848484848485,0.4182892179996034,0.5878260869565217,0.28644233844526334,0.6704545454545454,0.7070707070707071
transformer,squat,000001,42,pressure,330,0.3484848484848485,0.6679307168105708,0.7442669362992922,0.23839545371032517,0.7386363636363636,0.8181818181818181
transformer,squat,000001,42,combined,330,0.3484848484848485,0.567682047415945,0.6700101112234581,0.2634803364490672,0.7045454545454546,0.7323232323232323
transformer,squat,000001,7,confidence,330,0.36666666666666664,0.4660045382221304,0.6000237257305548,0.2737964458951362,0.6477272727272727,0.6919191919191919
transformer,squat,000001,7,pressure,330,0.36666666666666664,0.7480907776532588,0.8328917711257859,0.19716630158781692,0.7348484848484849,0.8737373737373737
transformer,squat,000001,7,combined,330,0.36666666666666664,0.7746589848126586,0.8231246787140652,0.19404328168067117,0.7537878787878788,0.7878787878787878
transformer,squat,000101,123,confidence,132,0.3939393939393939,0.5452666312985729,0.645673076923077,0.27427116910130983,0.6476190476190475,0.6962025316455696
transformer,squat,000101,123,pressure,132,0.3939393939393939,0.6446645335796279,0.7266826923076923,0.2975953095186297,0.7047619047619047,0.759493670886076
transformer,squat,000101,123,combined,132,0.3939393939393939,0.670978615121304,0.7252403846153845,0.2428782061718081,0.6571428571428571,0.7721518987341772
transformer,squat,000101,42,confidence,132,0.30303030303030304,0.3633759231162108,0.6497282608695653,0.1777973233105993,0.6952380952380952,0.759493670886076
transformer,squat,000101,42,pressure,132,0.30303030303030304,0.33622201243651545,0.5739130434782609,0.2977281592140645,0.7142857142857143,0.7468354430379747
transformer,squat,000101,42,combined,132,0.30303030303030304,0.3496808547672388,0.5959239130434782,0.25742758917840086,0.7238095238095238,0.759493670886076
transformer,squat,000101,7,confidence,132,0.36363636363636365,0.4519962996398108,0.589781746031746,0.2786362352432061,0.6571428571428571,0.6835443037974683
transformer,squat,000101,7,pressure,132,0.36363636363636365,0.41677508395103835,0.511532738095238,0.4241016414306186,0.6476190476190475,0.6455696202531646
transformer,squat,000101,7,combined,132,0.36363636363636365,0.49904642703033664,0.6691468253968255,0.23902171603706054,0.6952380952380952,0.6962025316455696
transformer,squat,010101,123,confidence,90,0.3,0.3724279833036006,0.5532039976484421,0.2552971059281463,0.7361111111111112,0.7222222222222222
transformer,squat,010101,123,pressure,90,0.3,0.4055395264545591,0.6434450323339213,0.25441587349690087,0.6805555555555556,0.7592592592592593
transformer,squat,010101,123,combined,90,0.3,0.3449399087129862,0.630217519106408,0.17339818161557463,0.6527777777777778,0.7407407407407407
transformer,squat,010101,42,confidence,90,0.25555555555555554,0.3823637149148308,0.6846203763789747,0.14451622933330807,0.7916666666666666,0.8333333333333334
transformer,squat,010101,42,pressure,90,0.25555555555555554,0.26519967172141085,0.5327709279688515,0.24409615208724553,0.7083333333333333,0.7407407407407407
transformer,squat,010101,42,combined,90,0.25555555555555554,0.29908581601475176,0.5814406229720961,0.2169812929448685,0.75,0.7962962962962963
transformer,squat,010101,7,confidence,90,0.24444444444444444,0.4942145994796364,0.7834224598930482,0.09057334647374467,0.7916666666666666,0.8703703703703703
transformer,squat,010101,7,pressure,90,0.24444444444444444,0.26218691618378137,0.5287433155080213,0.24486236807065498,0.7638888888888888,0.7407407407407407
transformer,squat,010101,7,combined,90,0.24444444444444444,0.3484957926056954,0.6183155080213902,0.1771599836352625,0.7916666666666666,0.8148148148148149
transformer,squat,100001,123,confidence,312,0.4935897435897436,0.38610985560963007,0.2916735163570606,0.6441068971002205,0.44979919678714864,0.36898395721925137
transformer,squat,100001,123,pressure,312,0.4935897435897436,0.5258930770879493,0.5540440572086142,0.4895013598102618,0.5421686746987953,0.5294117647058824
transformer,squat,100001,123,combined,312,0.4935897435897436,0.7188467294483566,0.7589182968929804,0.3041703656481424,0.5783132530120482,0.6844919786096257
transformer,squat,100001,42,confidence,312,0.3717948717948718,0.5329852320530917,0.7104591836734694,0.20822770221199477,0.678714859437751,0.7433155080213903
transformer,squat,100001,42,pressure,312,0.3717948717948718,0.4818908724622932,0.6083963757916959,0.3673194895280401,0.6867469879518072,0.6898395721925134
transformer,squat,100001,42,combined,312,0.3717948717948718,0.6726683164961302,0.7552339901477833,0.20632138161943972,0.7309236947791165,0.7647058823529411
transformer,squat,100001,7,confidence,312,0.26282051282051283,0.38686356754127615,0.6725874867444327,0.15793807063090567,0.7791164658634538,0.8181818181818181
transformer,squat,100001,7,pressure,312,0.26282051282051283,0.5213445909283119,0.6123276776246024,0.2211288121756479,0.7871485943775101,0.7593582887700535
transformer,squat,100001,7,combined,312,0.26282051282051283,0.5178693417168065,0.5862142099681866,0.27568213378063744,0.7991967871485943,0.7807486631016043
transformer,squat,100101,123,confidence,216,0.4027777777777778,0.5115495370396935,0.590929341530785,0.3233751234019397,0.6453488372093024,0.6356589147286822
transformer,squat,100101,123,pressure,216,0.4027777777777778,0.5292183591331002,0.5895482491312483,0.3590732985361257,0.6802325581395349,0.6201550387596899
transformer,squat,100101,123,combined,216,0.4027777777777778,0.7186215126295735,0.73527577296623,0.2776246039880189,0.7034883720930232,0.7674418604651163
transformer,squat,100101,42,confidence,216,0.32407407407407407,0.42978882537479896,0.5663405088062622,0.2862865347249761,0.7151162790697674,0.7209302325581395
transformer,squat,100101,42,pressure,216,0.32407407407407407,0.457890151923281,0.6021037181996086,0.26944446455587845,0.7325581395348837,0.751937984496124
transformer,squat,100101,42,combined,216,0.32407407407407407,0.5669323926194691,0.6295499021526418,0.27873738454928676,0.75,0.7441860465116279
transformer,squat,100101,7,confidence,216,0.26851851851851855,0.37683150133944193,0.6132693147097338,0.19105384727846372,0.7616279069767442,0.7829457364341086
transformer,squat,100101,7,pressure,216,0.26851851851851855,0.24346817887260716,0.4033718900043649,0.28043871033598156,0.6976744186046512,0.6666666666666667
transformer,squat,100101,7,combined,216,0.26851851851851855,0.32102487804608365,0.5323003055434308,0.2392599155156595,0.7558139534883721,0.7286821705426356
transformer,squat,101001,123,confidence,150,0.3,0.3343615836693209,0.44126984126984126,0.41769191336868705,0.7,0.7111111111111111
transformer,squat,101001,123,pressure,150,0.3,0.5262209954845614,0.5318518518518519,0.2835534947065858,0.7666666666666666,0.6888888888888889
transformer,squat,101001,123,combined,150,0.3,0.4730959936827767,0.5102645502645502,0.3795292376800187,0.775,0.7111111111111111
transformer,squat,101001,42,confidence,150,0.32666666666666666,0.3539884319269544,0.5118205698120832,0.39739620531003134,0.6833333333333333,0.7222222222222222
transformer,squat,101001,42,pressure,150,0.32666666666666666,0.38874161114793054,0.480400080824409,0.4172316398636237,0.7166666666666667,0.6777777777777778
transformer,squat,101001,42,combined,150,0.32666666666666666,0.505914937237302,0.5698120832491412,0.3523940969140757,0.725,0.7777777777777778
transformer,squat,101001,7,confidence,150,0.41333333333333333,0.4080652576616458,0.4039589442815249,0.5146504082869143,0.5666666666666667,0.5555555555555556
transformer,squat,101001,7,pressure,150,0.41333333333333333,0.4144960744154293,0.36070381231671556,0.5419859758079573,0.5583333333333333,0.5111111111111111
transformer,squat,101001,7,combined,150,0.41333333333333333,0.6028561545622261,0.6752199413489736,0.3697615585753142,0.6583333333333333,0.7777777777777778
